user,pass,cluster,unitcode,unitno,custname,custmail,noktp,tlp
userTest,1234,C411A,SST56009-1A-36,36H,Visionet,visionet@test.com,112233,0812122012
userTest,1234,B412B,SST39021-2B-25,25L,Visionet,visionet@test.com,112233,0812122013
userTest,1234,B312A,SST36023-2A-01,01H,Visionet,visionet@test.com,112233,0812122014
userTest,1234,C611B,SST59008-1B-25,25C,Visionet,visionet@test.com,112233,0812122015
userTest,1234,B282B,SST35022-2B-51,51D,Visionet,visionet@test.com,112233,0812122016
userTest,1234,B302B,SST36022-2B-52,52C,Visionet,visionet@test.com,112233,0812122017
userTest,1234,D022B,SST60008-2B-50,50G,Visionet,visionet@test.com,112233,0812122018
userTest,1234,B281B,SST35022-1B-50,50F,Visionet,visionet@test.com,112233,0812122019
userTest,1234,B281B,SST35022-1B-07,07B,Visionet,visionet@test.com,112233,0812122020
userTest,1234,D012B,SST60007-2B-52,52G,Visionet,visionet@test.com,112233,0812122021
userTest,1234,B302B,SST36022-2B-11,11D,Visionet,visionet@test.com,112233,0812122022
userTest,1234,B341B,SST37023-1B-33,33A,Visionet,visionet@test.com,112233,0812122023
userTest,1234,C401B,SST56008-1B-32,32G,Visionet,visionet@test.com,112233,0812122024
userTest,1234,C291B,SST53021-1B-53,53G,Visionet,visionet@test.com,112233,0812122025
userTest,1234,D021B,SST60008-1B-39,39D,Visionet,visionet@test.com,112233,0812122026
userTest,1234,C021A,SST50021-1A-37,37B,Visionet,visionet@test.com,112233,0812122027
userTest,1234,C401B,SST56008-1B-06,06I,Visionet,visionet@test.com,112233,0812122028
userTest,1234,C291B,SST53021-1B-11,11I,Visionet,visionet@test.com,112233,0812122029
userTest,1234,B412B,SST39021-2B-36,36E,Visionet,visionet@test.com,112233,0812122030
userTest,1234,D021B,SST60008-1B-51,51K,Visionet,visionet@test.com,112233,0812122031
userTest,1234,C332B,SST55009-2B-22,22D,Visionet,visionet@test.com,112233,0812122032
userTest,1234,C622B,SST59009-2B-02,02J,Visionet,visionet@test.com,112233,0812122033
userTest,1234,C611B,SST59008-1B-23,23D,Visionet,visionet@test.com,112233,0812122034
userTest,1234,C092B,SST51022-2B-28,28J,Visionet,visionet@test.com,112233,0812122035
userTest,1234,C182B,SST52022-2B-12,12L,Visionet,visionet@test.com,112233,0812122036
userTest,1234,C411A,SST56009-1A-33,33E,Visionet,visionet@test.com,112233,0812122037
userTest,1234,B312A,SST36023-2A-29,29G,Visionet,visionet@test.com,112233,0812122038
userTest,1234,C611B,SST59008-1B-52,52G,Visionet,visionet@test.com,112233,0812122039
userTest,1234,B282B,SST35022-2B-52,52G,Visionet,visionet@test.com,112233,0812122040
userTest,1234,C091B,SST51022-1B-10,10B,Visionet,visionet@test.com,112233,0812122041
userTest,1234,C611B,SST59008-1B-55,55C,Visionet,visionet@test.com,112233,0812122042
userTest,1234,C172B,SST52021-2B-02,02L,Visionet,visionet@test.com,112233,0812122043
userTest,1234,C031B,SST50022-1B-17,17D,Visionet,visionet@test.com,112233,0812122044
userTest,1234,B412B,SST39021-2B-53,53J,Visionet,visionet@test.com,112233,0812122045
userTest,1234,C612A,SST59008-2A-18,18F,Visionet,visionet@test.com,112233,0812122046
userTest,1234,C622B,SST59009-2B-22,22K,Visionet,visionet@test.com,112233,0812122047
userTest,1234,B421B,SST39022-1B-01,01D,Visionet,visionet@test.com,112233,0812122048
userTest,1234,D012B,SST60007-2B-12,12F,Visionet,visionet@test.com,112233,0812122049
userTest,1234,B301B,SST36022-1B-32,32D,Visionet,visionet@test.com,112233,0812122050
userTest,1234,B361B,SST38020-1B-27,27F,Visionet,visionet@test.com,112233,0812122051
userTest,1234,C042B,SST50023-2B-05,05B,Visionet,visionet@test.com,112233,0812122052
userTest,1234,B362B,SST38020-2B-17,17I,Visionet,visionet@test.com,112233,0812122053
userTest,1234,C092B,SST51022-2B-10,10I,Visionet,visionet@test.com,112233,0812122054
userTest,1234,C401B,SST56008-1B-36,36F,Visionet,visionet@test.com,112233,0812122055
userTest,1234,C172B,SST52021-2B-37,37C,Visionet,visionet@test.com,112233,0812122056
userTest,1234,B331B,SST37022-1B-16,16D,Visionet,visionet@test.com,112233,0812122057
userTest,1234,B331B,SST37022-1B-37,37K,Visionet,visionet@test.com,112233,0812122058
userTest,1234,B362B,SST38020-2B-31,31H,Visionet,visionet@test.com,112233,0812122059
userTest,1234,B301B,SST36022-1B-26,26C,Visionet,visionet@test.com,112233,0812122060
userTest,1234,B281B,SST35022-1B-51,51D,Visionet,visionet@test.com,112233,0812122061
userTest,1234,B422B,SST39022-2B-11,11A,Visionet,visionet@test.com,112233,0812122062
userTest,1234,C171B,SST52021-1B-55,55I,Visionet,visionet@test.com,112233,0812122063
userTest,1234,C621B,SST59009-1B-12,12J,Visionet,visionet@test.com,112233,0812122064
userTest,1234,B432B,SST39023-2B-10,10C,Visionet,visionet@test.com,112233,0812122065
userTest,1234,C621B,SST59009-1B-38,38L,Visionet,visionet@test.com,112233,0812122066
userTest,1234,B332B,SST37022-2B-23,23J,Visionet,visionet@test.com,112233,0812122067
userTest,1234,B391B,SST38023-1B-12,12E,Visionet,visionet@test.com,112233,0812122068
userTest,1234,B311B,SST36023-1B-22,22D,Visionet,visionet@test.com,112233,0812122069
userTest,1234,C621B,SST59009-1B-50,50I,Visionet,visionet@test.com,112233,0812122070
userTest,1234,B311B,SST36023-1B-27,27A,Visionet,visionet@test.com,112233,0812122071
userTest,1234,C172B,SST52021-2B-09,09L,Visionet,visionet@test.com,112233,0812122072
userTest,1234,B332B,SST37022-2B-36,36K,Visionet,visionet@test.com,112233,0812122073
userTest,1234,B361B,SST38020-1B-31,31F,Visionet,visionet@test.com,112233,0812122074
userTest,1234,C172B,SST52021-2B-01,01E,Visionet,visionet@test.com,112233,0812122075
userTest,1234,B221B,SST33022-1B-08,08B,Visionet,visionet@test.com,112233,0812122076
userTest,1234,B412B,SST39021-2B-51,51C,Visionet,visionet@test.com,112233,0812122077
userTest,1234,B421B,SST39022-1B-05,05D,Visionet,visionet@test.com,112233,0812122078
userTest,1234,D022B,SST60008-2B-53,53J,Visionet,visionet@test.com,112233,0812122079
userTest,1234,D022B,SST60008-2B-51,51F,Visionet,visionet@test.com,112233,0812122080
userTest,1234,B302B,SST36022-2B-03,03I,Visionet,visionet@test.com,112233,0812122081
userTest,1234,C621B,SST59009-1B-37,37J,Visionet,visionet@test.com,112233,0812122082
userTest,1234,C622B,SST59009-2B-51,51H,Visionet,visionet@test.com,112233,0812122083
userTest,1234,C081B,SST51021-1B-26,26B,Visionet,visionet@test.com,112233,0812122084
userTest,1234,C331B,SST55009-1B-23,23L,Visionet,visionet@test.com,112233,0812122085
userTest,1234,C602B,SST59007-2B-29,29G,Visionet,visionet@test.com,112233,0812122086
userTest,1234,B431A,SST39023-1A-05,05F,Visionet,visionet@test.com,112233,0812122087
userTest,1234,C302B,SST53022-2B-03,03I,Visionet,visionet@test.com,112233,0812122088
userTest,1234,B332B,SST37022-2B-15,15A,Visionet,visionet@test.com,112233,0812122089
userTest,1234,C601A,SST59007-1A-55,55E,Visionet,visionet@test.com,112233,0812122090
userTest,1234,D011B,SST60007-1B-55,55J,Visionet,visionet@test.com,112233,0812122091
userTest,1234,C092B,SST51022-2B-22,22D,Visionet,visionet@test.com,112233,0812122092
userTest,1234,B281B,SST35022-1B-05,05J,Visionet,visionet@test.com,112233,0812122093
userTest,1234,C092B,SST51022-2B-05,05D,Visionet,visionet@test.com,112233,0812122094
userTest,1234,B332B,SST37022-2B-37,37L,Visionet,visionet@test.com,112233,0812122095
userTest,1234,C041B,SST50023-1B-28,28G,Visionet,visionet@test.com,112233,0812122096
userTest,1234,C291B,SST53021-1B-31,31F,Visionet,visionet@test.com,112233,0812122097
userTest,1234,B302B,SST36022-2B-28,28J,Visionet,visionet@test.com,112233,0812122098
userTest,1234,C611B,SST59008-1B-53,53A,Visionet,visionet@test.com,112233,0812122099
userTest,1234,C082B,SST51021-2B-55,55G,Visionet,visionet@test.com,112233,0812122100
userTest,1234,B342A,SST37023-2A-51,51G,Visionet,visionet@test.com,112233,0812122101
userTest,1234,C171B,SST52021-1B-01,01H,Visionet,visionet@test.com,112233,0812122102
userTest,1234,B281B,SST35022-1B-07,07K,Visionet,visionet@test.com,112233,0812122103
userTest,1234,B361B,SST38020-1B-21,21A,Visionet,visionet@test.com,112233,0812122104
userTest,1234,B301B,SST36022-1B-52,52J,Visionet,visionet@test.com,112233,0812122105
userTest,1234,B222B,SST33022-2B-30,30F,Visionet,visionet@test.com,112233,0812122106
userTest,1234,B422B,SST39022-2B-06,06E,Visionet,visionet@test.com,112233,0812122107
userTest,1234,B382B,SST38022-2B-06,06B,Visionet,visionet@test.com,112233,0812122108
userTest,1234,D021B,SST60008-1B-11,11E,Visionet,visionet@test.com,112233,0812122109
userTest,1234,C032B,SST50022-2B-09,09D,Visionet,visionet@test.com,112233,0812122110
userTest,1234,B222B,SST33022-2B-50,50G,Visionet,visionet@test.com,112233,0812122111
userTest,1234,C302B,SST53022-2B-25,25L,Visionet,visionet@test.com,112233,0812122112
userTest,1234,C292B,SST53021-2B-30,30C,Visionet,visionet@test.com,112233,0812122113
userTest,1234,D012B,SST60007-2B-31,31E,Visionet,visionet@test.com,112233,0812122114
userTest,1234,B342A,SST37023-2A-28,28G,Visionet,visionet@test.com,112233,0812122115
userTest,1234,C022B,SST50021-2B-25,25D,Visionet,visionet@test.com,112233,0812122116
userTest,1234,C092B,SST51022-2B-09,09B,Visionet,visionet@test.com,112233,0812122117
userTest,1234,C611B,SST59008-1B-12,12A,Visionet,visionet@test.com,112233,0812122118
userTest,1234,B221B,SST33022-1B-35,35G,Visionet,visionet@test.com,112233,0812122119
userTest,1234,C182B,SST52022-2B-11,11A,Visionet,visionet@test.com,112233,0812122120
userTest,1234,B422B,SST39022-2B-12,12G,Visionet,visionet@test.com,112233,0812122121
userTest,1234,B311B,SST36023-1B-19,19H,Visionet,visionet@test.com,112233,0812122122
userTest,1234,C081B,SST51021-1B-52,52B,Visionet,visionet@test.com,112233,0812122123
userTest,1234,D022B,SST60008-2B-18,18H,Visionet,visionet@test.com,112233,0812122124
userTest,1234,C022B,SST50021-2B-53,53C,Visionet,visionet@test.com,112233,0812122125
userTest,1234,B341B,SST37023-1B-38,38E,Visionet,visionet@test.com,112233,0812122126
userTest,1234,C402B,SST56008-2B-32,32E,Visionet,visionet@test.com,112233,0812122127
userTest,1234,D032B,SST60009-2B-06,06K,Visionet,visionet@test.com,112233,0812122128
userTest,1234,C412B,SST56009-2B-53,53G,Visionet,visionet@test.com,112233,0812122129
userTest,1234,D021B,SST60008-1B-33,33J,Visionet,visionet@test.com,112233,0812122130
userTest,1234,C321B,SST55008-1B-32,32C,Visionet,visionet@test.com,112233,0812122131
userTest,1234,B331B,SST37022-1B-23,23I,Visionet,visionet@test.com,112233,0812122132
userTest,1234,C181B,SST52022-1B-26,26H,Visionet,visionet@test.com,112233,0812122133
userTest,1234,B301B,SST36022-1B-17,17G,Visionet,visionet@test.com,112233,0812122134
userTest,1234,B301B,SST36022-1B-50,50D,Visionet,visionet@test.com,112233,0812122135
userTest,1234,B221B,SST33022-1B-53,53I,Visionet,visionet@test.com,112233,0812122136
userTest,1234,B412B,SST39021-2B-28,28J,Visionet,visionet@test.com,112233,0812122137
userTest,1234,C331B,SST55009-1B-30,30B,Visionet,visionet@test.com,112233,0812122138
userTest,1234,C301B,SST53022-1B-01,01D,Visionet,visionet@test.com,112233,0812122139
userTest,1234,D031B,SST60009-1B-30,30F,Visionet,visionet@test.com,112233,0812122140
userTest,1234,C082B,SST51021-2B-22,22G,Visionet,visionet@test.com,112233,0812122141
userTest,1234,B421B,SST39022-1B-30,30F,Visionet,visionet@test.com,112233,0812122142
userTest,1234,D031B,SST60009-1B-06,06I,Visionet,visionet@test.com,112233,0812122143
userTest,1234,D032B,SST60009-2B-06,06H,Visionet,visionet@test.com,112233,0812122144
userTest,1234,B341B,SST37023-1B-35,35L,Visionet,visionet@test.com,112233,0812122145
userTest,1234,C622B,SST59009-2B-23,23C,Visionet,visionet@test.com,112233,0812122146
userTest,1234,D011B,SST60007-1B-01,01J,Visionet,visionet@test.com,112233,0812122147
userTest,1234,C601A,SST59007-1A-19,19A,Visionet,visionet@test.com,112233,0812122148
userTest,1234,D031B,SST60009-1B-11,11C,Visionet,visionet@test.com,112233,0812122149
userTest,1234,D032B,SST60009-2B-31,31F,Visionet,visionet@test.com,112233,0812122150
userTest,1234,B312A,SST36023-2A-20,20C,Visionet,visionet@test.com,112233,0812122151
userTest,1234,C402B,SST56008-2B-06,06F,Visionet,visionet@test.com,112233,0812122152
userTest,1234,D011B,SST60007-1B-29,29E,Visionet,visionet@test.com,112233,0812122153
userTest,1234,D012B,SST60007-2B-50,50C,Visionet,visionet@test.com,112233,0812122154
userTest,1234,C602B,SST59007-2B-33,33H,Visionet,visionet@test.com,112233,0812122155
userTest,1234,C291B,SST53021-1B-08,08B,Visionet,visionet@test.com,112233,0812122156
userTest,1234,C601A,SST59007-1A-17,17D,Visionet,visionet@test.com,112233,0812122157
userTest,1234,C322B,SST55008-2B-53,53L,Visionet,visionet@test.com,112233,0812122158
userTest,1234,B311B,SST36023-1B-28,28E,Visionet,visionet@test.com,112233,0812122159
userTest,1234,B282B,SST35022-2B-31,31C,Visionet,visionet@test.com,112233,0812122160
userTest,1234,B361B,SST38020-1B-36,36J,Visionet,visionet@test.com,112233,0812122161
userTest,1234,C611B,SST59008-1B-23,23F,Visionet,visionet@test.com,112233,0812122162
userTest,1234,D031B,SST60009-1B-05,05B,Visionet,visionet@test.com,112233,0812122163
userTest,1234,D011B,SST60007-1B-33,33I,Visionet,visionet@test.com,112233,0812122164
userTest,1234,C291B,SST53021-1B-28,28D,Visionet,visionet@test.com,112233,0812122165
userTest,1234,C082B,SST51021-2B-53,53I,Visionet,visionet@test.com,112233,0812122166
userTest,1234,B311B,SST36023-1B-30,30C,Visionet,visionet@test.com,112233,0812122167
userTest,1234,B341B,SST37023-1B-32,32I,Visionet,visionet@test.com,112233,0812122168
userTest,1234,B331B,SST37022-1B-37,37A,Visionet,visionet@test.com,112233,0812122169
userTest,1234,C172B,SST52021-2B-30,30J,Visionet,visionet@test.com,112233,0812122170
userTest,1234,C611B,SST59008-1B-12,12F,Visionet,visionet@test.com,112233,0812122171
userTest,1234,C402B,SST56008-2B-07,07J,Visionet,visionet@test.com,112233,0812122172
userTest,1234,C612A,SST59008-2A-03,03A,Visionet,visionet@test.com,112233,0812122173
userTest,1234,B281B,SST35022-1B-32,32A,Visionet,visionet@test.com,112233,0812122174
userTest,1234,B391B,SST38023-1B-01,01E,Visionet,visionet@test.com,112233,0812122175
userTest,1234,C611B,SST59008-1B-28,28A,Visionet,visionet@test.com,112233,0812122176
userTest,1234,B281B,SST35022-1B-12,12C,Visionet,visionet@test.com,112233,0812122177
userTest,1234,B281B,SST35022-1B-27,27B,Visionet,visionet@test.com,112233,0812122178
userTest,1234,D011B,SST60007-1B-05,05C,Visionet,visionet@test.com,112233,0812122179
userTest,1234,C611B,SST59008-1B-21,21C,Visionet,visionet@test.com,112233,0812122180
userTest,1234,C622B,SST59009-2B-36,36F,Visionet,visionet@test.com,112233,0812122181
userTest,1234,C402B,SST56008-2B-15,15A,Visionet,visionet@test.com,112233,0812122182
userTest,1234,C042B,SST50023-2B-06,06B,Visionet,visionet@test.com,112233,0812122183
userTest,1234,B331B,SST37022-1B-50,50A,Visionet,visionet@test.com,112233,0812122184
userTest,1234,C081B,SST51021-1B-36,36C,Visionet,visionet@test.com,112233,0812122185
userTest,1234,D011B,SST60007-1B-20,20D,Visionet,visionet@test.com,112233,0812122186
userTest,1234,D011B,SST60007-1B-03,03C,Visionet,visionet@test.com,112233,0812122187
userTest,1234,C092B,SST51022-2B-25,25K,Visionet,visionet@test.com,112233,0812122188
userTest,1234,B312A,SST36023-2A-35,35E,Visionet,visionet@test.com,112233,0812122189
userTest,1234,B422B,SST39022-2B-03,03C,Visionet,visionet@test.com,112233,0812122190
userTest,1234,C082B,SST51021-2B-30,30F,Visionet,visionet@test.com,112233,0812122191
userTest,1234,B361B,SST38020-1B-50,50G,Visionet,visionet@test.com,112233,0812122192
userTest,1234,C082B,SST51021-2B-15,15I,Visionet,visionet@test.com,112233,0812122193
userTest,1234,C081B,SST51021-1B-22,22C,Visionet,visionet@test.com,112233,0812122194
userTest,1234,D021B,SST60008-1B-52,52E,Visionet,visionet@test.com,112233,0812122195
userTest,1234,C322B,SST55008-2B-07,07C,Visionet,visionet@test.com,112233,0812122196
userTest,1234,B282B,SST35022-2B-33,33D,Visionet,visionet@test.com,112233,0812122197
userTest,1234,B302B,SST36022-2B-21,21F,Visionet,visionet@test.com,112233,0812122198
userTest,1234,B222B,SST33022-2B-20,20L,Visionet,visionet@test.com,112233,0812122199
userTest,1234,C181B,SST52022-1B-28,28B,Visionet,visionet@test.com,112233,0812122200
userTest,1234,C081B,SST51021-1B-11,11A,Visionet,visionet@test.com,112233,0812122201
userTest,1234,B311B,SST36023-1B-16,16A,Visionet,visionet@test.com,112233,0812122202
userTest,1234,C602B,SST59007-2B-25,25H,Visionet,visionet@test.com,112233,0812122203
userTest,1234,B312A,SST36023-2A-23,23A,Visionet,visionet@test.com,112233,0812122204
userTest,1234,C332B,SST55009-2B-30,30B,Visionet,visionet@test.com,112233,0812122205
userTest,1234,C621B,SST59009-1B-30,30I,Visionet,visionet@test.com,112233,0812122206
userTest,1234,C392B,SST56007-2B-35,35L,Visionet,visionet@test.com,112233,0812122207
userTest,1234,D032B,SST60009-2B-20,20L,Visionet,visionet@test.com,112233,0812122208
userTest,1234,C602B,SST59007-2B-39,39I,Visionet,visionet@test.com,112233,0812122209
userTest,1234,D032B,SST60009-2B-05,05H,Visionet,visionet@test.com,112233,0812122210
userTest,1234,B222B,SST33022-2B-07,07I,Visionet,visionet@test.com,112233,0812122211
userTest,1234,B222B,SST33022-2B-36,36D,Visionet,visionet@test.com,112233,0812122212
userTest,1234,C622B,SST59009-2B-10,10K,Visionet,visionet@test.com,112233,0812122213
userTest,1234,B301B,SST36022-1B-26,26D,Visionet,visionet@test.com,112233,0812122214
userTest,1234,B282B,SST35022-2B-25,25C,Visionet,visionet@test.com,112233,0812122215
userTest,1234,B311B,SST36023-1B-19,19K,Visionet,visionet@test.com,112233,0812122216
userTest,1234,B332B,SST37022-2B-22,22C,Visionet,visionet@test.com,112233,0812122217
userTest,1234,C412B,SST56009-2B-22,22D,Visionet,visionet@test.com,112233,0812122218
userTest,1234,C622B,SST59009-2B-18,18J,Visionet,visionet@test.com,112233,0812122219
userTest,1234,C292B,SST53021-2B-51,51H,Visionet,visionet@test.com,112233,0812122220
userTest,1234,B342A,SST37023-2A-05,05A,Visionet,visionet@test.com,112233,0812122221
userTest,1234,B391B,SST38023-1B-08,08A,Visionet,visionet@test.com,112233,0812122222
userTest,1234,B301B,SST36022-1B-30,30E,Visionet,visionet@test.com,112233,0812122223
userTest,1234,C092B,SST51022-2B-09,09E,Visionet,visionet@test.com,112233,0812122224
userTest,1234,B281B,SST35022-1B-17,17I,Visionet,visionet@test.com,112233,0812122225
userTest,1234,B281B,SST35022-1B-17,17C,Visionet,visionet@test.com,112233,0812122226
userTest,1234,C602B,SST59007-2B-20,20L,Visionet,visionet@test.com,112233,0812122227
userTest,1234,C081B,SST51021-1B-06,06I,Visionet,visionet@test.com,112233,0812122228
userTest,1234,C622B,SST59009-2B-30,30G,Visionet,visionet@test.com,112233,0812122229
userTest,1234,C402B,SST56008-2B-07,07G,Visionet,visionet@test.com,112233,0812122230
userTest,1234,C081B,SST51021-1B-37,37E,Visionet,visionet@test.com,112233,0812122231
userTest,1234,B341B,SST37023-1B-21,21C,Visionet,visionet@test.com,112233,0812122232
userTest,1234,C171B,SST52021-1B-30,30I,Visionet,visionet@test.com,112233,0812122233
userTest,1234,B332B,SST37022-2B-26,26I,Visionet,visionet@test.com,112233,0812122234
userTest,1234,C022B,SST50021-2B-35,35L,Visionet,visionet@test.com,112233,0812122235
userTest,1234,B302B,SST36022-2B-20,20L,Visionet,visionet@test.com,112233,0812122236
userTest,1234,C091B,SST51022-1B-28,28C,Visionet,visionet@test.com,112233,0812122237
userTest,1234,D011B,SST60007-1B-52,52E,Visionet,visionet@test.com,112233,0812122238
userTest,1234,B311B,SST36023-1B-33,33G,Visionet,visionet@test.com,112233,0812122239
userTest,1234,B341B,SST37023-1B-33,33F,Visionet,visionet@test.com,112233,0812122240
userTest,1234,C412B,SST56009-2B-35,35K,Visionet,visionet@test.com,112233,0812122241
userTest,1234,C622B,SST59009-2B-31,31J,Visionet,visionet@test.com,112233,0812122242
userTest,1234,C032B,SST50022-2B-11,11D,Visionet,visionet@test.com,112233,0812122243
userTest,1234,B361B,SST38020-1B-39,39H,Visionet,visionet@test.com,112233,0812122244
userTest,1234,C081B,SST51021-1B-29,29F,Visionet,visionet@test.com,112233,0812122245
userTest,1234,B332B,SST37022-2B-22,22E,Visionet,visionet@test.com,112233,0812122246
userTest,1234,C401B,SST56008-1B-52,52B,Visionet,visionet@test.com,112233,0812122247
userTest,1234,D021B,SST60008-1B-23,23I,Visionet,visionet@test.com,112233,0812122248
userTest,1234,B311B,SST36023-1B-52,52K,Visionet,visionet@test.com,112233,0812122249
userTest,1234,D031B,SST60009-1B-37,37E,Visionet,visionet@test.com,112233,0812122250
userTest,1234,D021B,SST60008-1B-52,52K,Visionet,visionet@test.com,112233,0812122251
userTest,1234,C321B,SST55008-1B-11,11C,Visionet,visionet@test.com,112233,0812122252
userTest,1234,C601A,SST59007-1A-39,39F,Visionet,visionet@test.com,112233,0812122253
userTest,1234,B301B,SST36022-1B-27,27K,Visionet,visionet@test.com,112233,0812122254
userTest,1234,B432B,SST39023-2B-29,29C,Visionet,visionet@test.com,112233,0812122255
userTest,1234,C401B,SST56008-1B-21,21D,Visionet,visionet@test.com,112233,0812122256
userTest,1234,C401B,SST56008-1B-55,55E,Visionet,visionet@test.com,112233,0812122257
userTest,1234,C612A,SST59008-2A-38,38C,Visionet,visionet@test.com,112233,0812122258
userTest,1234,C602B,SST59007-2B-02,02E,Visionet,visionet@test.com,112233,0812122259
userTest,1234,D021B,SST60008-1B-18,18L,Visionet,visionet@test.com,112233,0812122260
userTest,1234,C092B,SST51022-2B-26,26H,Visionet,visionet@test.com,112233,0812122261
userTest,1234,B301B,SST36022-1B-16,16F,Visionet,visionet@test.com,112233,0812122262
userTest,1234,D021B,SST60008-1B-39,39A,Visionet,visionet@test.com,112233,0812122263
userTest,1234,B311B,SST36023-1B-01,01G,Visionet,visionet@test.com,112233,0812122264
userTest,1234,B331B,SST37022-1B-21,21F,Visionet,visionet@test.com,112233,0812122265
userTest,1234,D022B,SST60008-2B-26,26F,Visionet,visionet@test.com,112233,0812122266
userTest,1234,B301B,SST36022-1B-33,33J,Visionet,visionet@test.com,112233,0812122267
userTest,1234,B341B,SST37023-1B-55,55F,Visionet,visionet@test.com,112233,0812122268
userTest,1234,C081B,SST51021-1B-12,12H,Visionet,visionet@test.com,112233,0812122269
userTest,1234,C321B,SST55008-1B-31,31C,Visionet,visionet@test.com,112233,0812122270
userTest,1234,B342A,SST37023-2A-35,35H,Visionet,visionet@test.com,112233,0812122271
userTest,1234,B422B,SST39022-2B-19,19I,Visionet,visionet@test.com,112233,0812122272
userTest,1234,B222B,SST33022-2B-07,07J,Visionet,visionet@test.com,112233,0812122273
userTest,1234,C171B,SST52021-1B-50,50I,Visionet,visionet@test.com,112233,0812122274
userTest,1234,B311B,SST36023-1B-11,11B,Visionet,visionet@test.com,112233,0812122275
userTest,1234,C412B,SST56009-2B-39,39H,Visionet,visionet@test.com,112233,0812122276
userTest,1234,C182B,SST52022-2B-30,30J,Visionet,visionet@test.com,112233,0812122277
userTest,1234,D032B,SST60009-2B-36,36L,Visionet,visionet@test.com,112233,0812122278
userTest,1234,B391B,SST38023-1B-23,23L,Visionet,visionet@test.com,112233,0812122279
userTest,1234,C331B,SST55009-1B-01,01D,Visionet,visionet@test.com,112233,0812122280
userTest,1234,C291B,SST53021-1B-02,02G,Visionet,visionet@test.com,112233,0812122281
userTest,1234,C092B,SST51022-2B-23,23L,Visionet,visionet@test.com,112233,0812122282
userTest,1234,D012B,SST60007-2B-15,15H,Visionet,visionet@test.com,112233,0812122283
userTest,1234,C412B,SST56009-2B-36,36H,Visionet,visionet@test.com,112233,0812122284
userTest,1234,B222B,SST33022-2B-09,09A,Visionet,visionet@test.com,112233,0812122285
userTest,1234,C601A,SST59007-1A-06,06C,Visionet,visionet@test.com,112233,0812122286
userTest,1234,B282B,SST35022-2B-21,21F,Visionet,visionet@test.com,112233,0812122287
userTest,1234,B282B,SST35022-2B-33,33E,Visionet,visionet@test.com,112233,0812122288
userTest,1234,C612A,SST59008-2A-29,29E,Visionet,visionet@test.com,112233,0812122289
userTest,1234,B282B,SST35022-2B-50,50E,Visionet,visionet@test.com,112233,0812122290
userTest,1234,C091B,SST51022-1B-09,09C,Visionet,visionet@test.com,112233,0812122291
userTest,1234,D011B,SST60007-1B-39,39F,Visionet,visionet@test.com,112233,0812122292
userTest,1234,B311B,SST36023-1B-55,55G,Visionet,visionet@test.com,112233,0812122293
userTest,1234,C402B,SST56008-2B-10,10H,Visionet,visionet@test.com,112233,0812122294
userTest,1234,C322B,SST55008-2B-51,51G,Visionet,visionet@test.com,112233,0812122295
userTest,1234,C182B,SST52022-2B-19,19I,Visionet,visionet@test.com,112233,0812122296
userTest,1234,C412B,SST56009-2B-39,39B,Visionet,visionet@test.com,112233,0812122297
userTest,1234,C402B,SST56008-2B-50,50E,Visionet,visionet@test.com,112233,0812122298
userTest,1234,C031B,SST50022-1B-06,06E,Visionet,visionet@test.com,112233,0812122299
userTest,1234,B432B,SST39023-2B-26,26C,Visionet,visionet@test.com,112233,0812122300
userTest,1234,B362B,SST38020-2B-37,37E,Visionet,visionet@test.com,112233,0812122301
userTest,1234,B361B,SST38020-1B-05,05D,Visionet,visionet@test.com,112233,0812122302
userTest,1234,D032B,SST60009-2B-18,18L,Visionet,visionet@test.com,112233,0812122303
userTest,1234,D031B,SST60009-1B-18,18F,Visionet,visionet@test.com,112233,0812122304
userTest,1234,C171B,SST52021-1B-39,39H,Visionet,visionet@test.com,112233,0812122305
userTest,1234,C402B,SST56008-2B-20,20C,Visionet,visionet@test.com,112233,0812122306
userTest,1234,C291B,SST53021-1B-06,06D,Visionet,visionet@test.com,112233,0812122307
userTest,1234,B281B,SST35022-1B-06,06E,Visionet,visionet@test.com,112233,0812122308
userTest,1234,B222B,SST33022-2B-22,22K,Visionet,visionet@test.com,112233,0812122309
userTest,1234,B282B,SST35022-2B-27,27H,Visionet,visionet@test.com,112233,0812122310
userTest,1234,D011B,SST60007-1B-05,05E,Visionet,visionet@test.com,112233,0812122311
userTest,1234,C331B,SST55009-1B-32,32D,Visionet,visionet@test.com,112233,0812122312
userTest,1234,C612A,SST59008-2A-52,52D,Visionet,visionet@test.com,112233,0812122313
userTest,1234,C091B,SST51022-1B-30,30I,Visionet,visionet@test.com,112233,0812122314
userTest,1234,B332B,SST37022-2B-52,52E,Visionet,visionet@test.com,112233,0812122315
userTest,1234,B311B,SST36023-1B-20,20I,Visionet,visionet@test.com,112233,0812122316
userTest,1234,C612A,SST59008-2A-05,05E,Visionet,visionet@test.com,112233,0812122317
userTest,1234,C612A,SST59008-2A-20,20A,Visionet,visionet@test.com,112233,0812122318
userTest,1234,B331B,SST37022-1B-28,28F,Visionet,visionet@test.com,112233,0812122319
userTest,1234,C601A,SST59007-1A-33,33B,Visionet,visionet@test.com,112233,0812122320
userTest,1234,B302B,SST36022-2B-39,39C,Visionet,visionet@test.com,112233,0812122321
userTest,1234,C081B,SST51021-1B-07,07H,Visionet,visionet@test.com,112233,0812122322
userTest,1234,B421B,SST39022-1B-29,29D,Visionet,visionet@test.com,112233,0812122323
userTest,1234,B222B,SST33022-2B-02,02K,Visionet,visionet@test.com,112233,0812122324
userTest,1234,B422B,SST39022-2B-23,23J,Visionet,visionet@test.com,112233,0812122325
userTest,1234,B312A,SST36023-2A-03,03G,Visionet,visionet@test.com,112233,0812122326
userTest,1234,C331B,SST55009-1B-35,35E,Visionet,visionet@test.com,112233,0812122327
userTest,1234,D011B,SST60007-1B-11,11J,Visionet,visionet@test.com,112233,0812122328
userTest,1234,B422B,SST39022-2B-03,03L,Visionet,visionet@test.com,112233,0812122329
userTest,1234,C601A,SST59007-1A-55,55D,Visionet,visionet@test.com,112233,0812122330
userTest,1234,C321B,SST55008-1B-55,55I,Visionet,visionet@test.com,112233,0812122331
userTest,1234,B301B,SST36022-1B-01,01A,Visionet,visionet@test.com,112233,0812122332
userTest,1234,B332B,SST37022-2B-31,31I,Visionet,visionet@test.com,112233,0812122333
userTest,1234,C041B,SST50023-1B-23,23E,Visionet,visionet@test.com,112233,0812122334
userTest,1234,B412B,SST39021-2B-15,15D,Visionet,visionet@test.com,112233,0812122335
userTest,1234,B312A,SST36023-2A-51,51E,Visionet,visionet@test.com,112233,0812122336
userTest,1234,B422B,SST39022-2B-10,10E,Visionet,visionet@test.com,112233,0812122337
userTest,1234,B332B,SST37022-2B-09,09C,Visionet,visionet@test.com,112233,0812122338
userTest,1234,C322B,SST55008-2B-55,55G,Visionet,visionet@test.com,112233,0812122339
userTest,1234,C622B,SST59009-2B-36,36H,Visionet,visionet@test.com,112233,0812122340
userTest,1234,C601A,SST59007-1A-25,25C,Visionet,visionet@test.com,112233,0812122341
userTest,1234,B221B,SST33022-1B-21,21C,Visionet,visionet@test.com,112233,0812122342
userTest,1234,B412B,SST39021-2B-36,36G,Visionet,visionet@test.com,112233,0812122343
userTest,1234,B422B,SST39022-2B-10,10L,Visionet,visionet@test.com,112233,0812122344
userTest,1234,C171B,SST52021-1B-52,52B,Visionet,visionet@test.com,112233,0812122345
userTest,1234,B331B,SST37022-1B-22,22G,Visionet,visionet@test.com,112233,0812122346
userTest,1234,C021A,SST50021-1A-52,52F,Visionet,visionet@test.com,112233,0812122347
userTest,1234,C402B,SST56008-2B-25,25E,Visionet,visionet@test.com,112233,0812122348
userTest,1234,C411A,SST56009-1A-39,39F,Visionet,visionet@test.com,112233,0812122349
userTest,1234,B281B,SST35022-1B-22,22H,Visionet,visionet@test.com,112233,0812122350
userTest,1234,D032B,SST60009-2B-33,33G,Visionet,visionet@test.com,112233,0812122351
userTest,1234,B432B,SST39023-2B-17,17D,Visionet,visionet@test.com,112233,0812122352
userTest,1234,C172B,SST52021-2B-33,33E,Visionet,visionet@test.com,112233,0812122353
userTest,1234,C621B,SST59009-1B-18,18K,Visionet,visionet@test.com,112233,0812122354
userTest,1234,B342A,SST37023-2A-23,23F,Visionet,visionet@test.com,112233,0812122355
userTest,1234,C022B,SST50021-2B-22,22G,Visionet,visionet@test.com,112233,0812122356
userTest,1234,B311B,SST36023-1B-07,07H,Visionet,visionet@test.com,112233,0812122357
userTest,1234,B302B,SST36022-2B-01,01C,Visionet,visionet@test.com,112233,0812122358
userTest,1234,C621B,SST59009-1B-23,23I,Visionet,visionet@test.com,112233,0812122359
userTest,1234,C082B,SST51021-2B-51,51F,Visionet,visionet@test.com,112233,0812122360
userTest,1234,C412B,SST56009-2B-20,20F,Visionet,visionet@test.com,112233,0812122361
userTest,1234,B222B,SST33022-2B-22,22A,Visionet,visionet@test.com,112233,0812122362
userTest,1234,C291B,SST53021-1B-37,37G,Visionet,visionet@test.com,112233,0812122363
userTest,1234,C291B,SST53021-1B-37,37I,Visionet,visionet@test.com,112233,0812122364
userTest,1234,D031B,SST60009-1B-26,26D,Visionet,visionet@test.com,112233,0812122365
userTest,1234,B281B,SST35022-1B-32,32K,Visionet,visionet@test.com,112233,0812122366
userTest,1234,C401B,SST56008-1B-01,01H,Visionet,visionet@test.com,112233,0812122367
userTest,1234,C612A,SST59008-2A-16,16G,Visionet,visionet@test.com,112233,0812122368
userTest,1234,B361B,SST38020-1B-51,51J,Visionet,visionet@test.com,112233,0812122369
userTest,1234,C402B,SST56008-2B-20,20I,Visionet,visionet@test.com,112233,0812122370
userTest,1234,B342A,SST37023-2A-26,26B,Visionet,visionet@test.com,112233,0812122371
userTest,1234,C331B,SST55009-1B-38,38C,Visionet,visionet@test.com,112233,0812122372
userTest,1234,B301B,SST36022-1B-06,06G,Visionet,visionet@test.com,112233,0812122373
userTest,1234,B312A,SST36023-2A-55,55H,Visionet,visionet@test.com,112233,0812122374
userTest,1234,C401B,SST56008-1B-10,10F,Visionet,visionet@test.com,112233,0812122375
userTest,1234,C321B,SST55008-1B-08,08D,Visionet,visionet@test.com,112233,0812122376
userTest,1234,B301B,SST36022-1B-55,55G,Visionet,visionet@test.com,112233,0812122377
userTest,1234,B311B,SST36023-1B-37,37D,Visionet,visionet@test.com,112233,0812122378
userTest,1234,B281B,SST35022-1B-39,39A,Visionet,visionet@test.com,112233,0812122379
userTest,1234,B282B,SST35022-2B-11,11D,Visionet,visionet@test.com,112233,0812122380
userTest,1234,C621B,SST59009-1B-26,26F,Visionet,visionet@test.com,112233,0812122381
userTest,1234,B222B,SST33022-2B-35,35B,Visionet,visionet@test.com,112233,0812122382
userTest,1234,B281B,SST35022-1B-11,11B,Visionet,visionet@test.com,112233,0812122383
userTest,1234,C411A,SST56009-1A-52,52G,Visionet,visionet@test.com,112233,0812122384
userTest,1234,B302B,SST36022-2B-55,55K,Visionet,visionet@test.com,112233,0812122385
userTest,1234,C412B,SST56009-2B-10,10H,Visionet,visionet@test.com,112233,0812122386
userTest,1234,B282B,SST35022-2B-36,36H,Visionet,visionet@test.com,112233,0812122387
userTest,1234,C331B,SST55009-1B-51,51I,Visionet,visionet@test.com,112233,0812122388
userTest,1234,B421B,SST39022-1B-23,23B,Visionet,visionet@test.com,112233,0812122389
userTest,1234,D031B,SST60009-1B-39,39B,Visionet,visionet@test.com,112233,0812122390
userTest,1234,B421B,SST39022-1B-21,21D,Visionet,visionet@test.com,112233,0812122391
userTest,1234,C401B,SST56008-1B-50,50E,Visionet,visionet@test.com,112233,0812122392
userTest,1234,B281B,SST35022-1B-23,23B,Visionet,visionet@test.com,112233,0812122393
userTest,1234,C082B,SST51021-2B-29,29K,Visionet,visionet@test.com,112233,0812122394
userTest,1234,C322B,SST55008-2B-05,05C,Visionet,visionet@test.com,112233,0812122395
userTest,1234,B311B,SST36023-1B-37,37B,Visionet,visionet@test.com,112233,0812122396
userTest,1234,D011B,SST60007-1B-52,52K,Visionet,visionet@test.com,112233,0812122397
userTest,1234,C602B,SST59007-2B-07,07B,Visionet,visionet@test.com,112233,0812122398
userTest,1234,B332B,SST37022-2B-30,30L,Visionet,visionet@test.com,112233,0812122399
userTest,1234,C172B,SST52021-2B-07,07C,Visionet,visionet@test.com,112233,0812122400
userTest,1234,C612A,SST59008-2A-06,06A,Visionet,visionet@test.com,112233,0812122401
userTest,1234,B281B,SST35022-1B-15,15F,Visionet,visionet@test.com,112233,0812122402
userTest,1234,B281B,SST35022-1B-05,05D,Visionet,visionet@test.com,112233,0812122403
userTest,1234,B391B,SST38023-1B-05,05A,Visionet,visionet@test.com,112233,0812122404
userTest,1234,C412B,SST56009-2B-08,08A,Visionet,visionet@test.com,112233,0812122405
userTest,1234,D021B,SST60008-1B-20,20L,Visionet,visionet@test.com,112233,0812122406
userTest,1234,D021B,SST60008-1B-29,29D,Visionet,visionet@test.com,112233,0812122407
userTest,1234,C321B,SST55008-1B-50,50J,Visionet,visionet@test.com,112233,0812122408
userTest,1234,D032B,SST60009-2B-12,12B,Visionet,visionet@test.com,112233,0812122409
userTest,1234,C182B,SST52022-2B-08,08L,Visionet,visionet@test.com,112233,0812122410
userTest,1234,B362B,SST38020-2B-16,16B,Visionet,visionet@test.com,112233,0812122411
userTest,1234,C332B,SST55009-2B-09,09L,Visionet,visionet@test.com,112233,0812122412
userTest,1234,B301B,SST36022-1B-19,19C,Visionet,visionet@test.com,112233,0812122413
userTest,1234,C331B,SST55009-1B-05,05G,Visionet,visionet@test.com,112233,0812122414
userTest,1234,D022B,SST60008-2B-23,23A,Visionet,visionet@test.com,112233,0812122415
userTest,1234,C292B,SST53021-2B-01,01D,Visionet,visionet@test.com,112233,0812122416
userTest,1234,C321B,SST55008-1B-12,12B,Visionet,visionet@test.com,112233,0812122417
userTest,1234,B331B,SST37022-1B-06,06F,Visionet,visionet@test.com,112233,0812122418
userTest,1234,C621B,SST59009-1B-36,36I,Visionet,visionet@test.com,112233,0812122419
userTest,1234,B361B,SST38020-1B-08,08B,Visionet,visionet@test.com,112233,0812122420
userTest,1234,D012B,SST60007-2B-16,16C,Visionet,visionet@test.com,112233,0812122421
userTest,1234,C601A,SST59007-1A-18,18H,Visionet,visionet@test.com,112233,0812122422
userTest,1234,C322B,SST55008-2B-05,05E,Visionet,visionet@test.com,112233,0812122423
userTest,1234,C322B,SST55008-2B-51,51D,Visionet,visionet@test.com,112233,0812122424
userTest,1234,C622B,SST59009-2B-39,39A,Visionet,visionet@test.com,112233,0812122425
userTest,1234,B331B,SST37022-1B-36,36F,Visionet,visionet@test.com,112233,0812122426
userTest,1234,B311B,SST36023-1B-18,18I,Visionet,visionet@test.com,112233,0812122427
userTest,1234,C411A,SST56009-1A-02,02F,Visionet,visionet@test.com,112233,0812122428
userTest,1234,C622B,SST59009-2B-15,15A,Visionet,visionet@test.com,112233,0812122429
userTest,1234,D022B,SST60008-2B-19,19E,Visionet,visionet@test.com,112233,0812122430
userTest,1234,D032B,SST60009-2B-17,17A,Visionet,visionet@test.com,112233,0812122431
userTest,1234,B422B,SST39022-2B-18,18K,Visionet,visionet@test.com,112233,0812122432
userTest,1234,C622B,SST59009-2B-27,27E,Visionet,visionet@test.com,112233,0812122433
userTest,1234,C601A,SST59007-1A-20,20E,Visionet,visionet@test.com,112233,0812122434
userTest,1234,B282B,SST35022-2B-17,17A,Visionet,visionet@test.com,112233,0812122435
userTest,1234,B302B,SST36022-2B-38,38F,Visionet,visionet@test.com,112233,0812122436
userTest,1234,B341B,SST37023-1B-08,08F,Visionet,visionet@test.com,112233,0812122437
userTest,1234,B412B,SST39021-2B-50,50L,Visionet,visionet@test.com,112233,0812122438
userTest,1234,C081B,SST51021-1B-19,19D,Visionet,visionet@test.com,112233,0812122439
userTest,1234,B281B,SST35022-1B-18,18H,Visionet,visionet@test.com,112233,0812122440
userTest,1234,D012B,SST60007-2B-30,30J,Visionet,visionet@test.com,112233,0812122441
userTest,1234,D012B,SST60007-2B-51,51H,Visionet,visionet@test.com,112233,0812122442
userTest,1234,D011B,SST60007-1B-36,36B,Visionet,visionet@test.com,112233,0812122443
userTest,1234,D021B,SST60008-1B-17,17E,Visionet,visionet@test.com,112233,0812122444
userTest,1234,B222B,SST33022-2B-06,06C,Visionet,visionet@test.com,112233,0812122445
userTest,1234,C622B,SST59009-2B-38,38K,Visionet,visionet@test.com,112233,0812122446
userTest,1234,C022B,SST50021-2B-01,01L,Visionet,visionet@test.com,112233,0812122447
userTest,1234,B282B,SST35022-2B-02,02G,Visionet,visionet@test.com,112233,0812122448
userTest,1234,C622B,SST59009-2B-39,39G,Visionet,visionet@test.com,112233,0812122449
userTest,1234,C182B,SST52022-2B-19,19G,Visionet,visionet@test.com,112233,0812122450
userTest,1234,D032B,SST60009-2B-27,27K,Visionet,visionet@test.com,112233,0812122451
userTest,1234,C411A,SST56009-1A-22,22A,Visionet,visionet@test.com,112233,0812122452
userTest,1234,B222B,SST33022-2B-06,06J,Visionet,visionet@test.com,112233,0812122453
userTest,1234,C182B,SST52022-2B-11,11I,Visionet,visionet@test.com,112233,0812122454
userTest,1234,B431A,SST39023-1A-08,08H,Visionet,visionet@test.com,112233,0812122455
userTest,1234,C322B,SST55008-2B-50,50C,Visionet,visionet@test.com,112233,0812122456
userTest,1234,B391B,SST38023-1B-26,26I,Visionet,visionet@test.com,112233,0812122457
userTest,1234,C622B,SST59009-2B-21,21K,Visionet,visionet@test.com,112233,0812122458
userTest,1234,D021B,SST60008-1B-01,01G,Visionet,visionet@test.com,112233,0812122459
userTest,1234,C401B,SST56008-1B-38,38F,Visionet,visionet@test.com,112233,0812122460
userTest,1234,C082B,SST51021-2B-15,15L,Visionet,visionet@test.com,112233,0812122461
userTest,1234,C622B,SST59009-2B-07,07J,Visionet,visionet@test.com,112233,0812122462
userTest,1234,B382B,SST38022-2B-28,28G,Visionet,visionet@test.com,112233,0812122463
userTest,1234,C171B,SST52021-1B-26,26K,Visionet,visionet@test.com,112233,0812122464
userTest,1234,C081B,SST51021-1B-30,30F,Visionet,visionet@test.com,112233,0812122465
userTest,1234,B282B,SST35022-2B-12,12D,Visionet,visionet@test.com,112233,0812122466
userTest,1234,C182B,SST52022-2B-21,21C,Visionet,visionet@test.com,112233,0812122467
userTest,1234,B312A,SST36023-2A-19,19B,Visionet,visionet@test.com,112233,0812122468
userTest,1234,B302B,SST36022-2B-27,27H,Visionet,visionet@test.com,112233,0812122469
userTest,1234,B302B,SST36022-2B-51,51D,Visionet,visionet@test.com,112233,0812122470
userTest,1234,C031B,SST50022-1B-01,01J,Visionet,visionet@test.com,112233,0812122471
userTest,1234,C182B,SST52022-2B-27,27L,Visionet,visionet@test.com,112233,0812122472
userTest,1234,C292B,SST53021-2B-02,02H,Visionet,visionet@test.com,112233,0812122473
userTest,1234,C171B,SST52021-1B-53,53J,Visionet,visionet@test.com,112233,0812122474
userTest,1234,B312A,SST36023-2A-28,28A,Visionet,visionet@test.com,112233,0812122475
userTest,1234,C022B,SST50021-2B-31,31I,Visionet,visionet@test.com,112233,0812122476
userTest,1234,C042B,SST50023-2B-02,02D,Visionet,visionet@test.com,112233,0812122477
userTest,1234,B422B,SST39022-2B-19,19G,Visionet,visionet@test.com,112233,0812122478
userTest,1234,C602B,SST59007-2B-28,28A,Visionet,visionet@test.com,112233,0812122479
userTest,1234,C291B,SST53021-1B-18,18B,Visionet,visionet@test.com,112233,0812122480
userTest,1234,C402B,SST56008-2B-38,38K,Visionet,visionet@test.com,112233,0812122481
userTest,1234,C602B,SST59007-2B-53,53K,Visionet,visionet@test.com,112233,0812122482
userTest,1234,B311B,SST36023-1B-28,28C,Visionet,visionet@test.com,112233,0812122483
userTest,1234,C082B,SST51021-2B-02,02K,Visionet,visionet@test.com,112233,0812122484
userTest,1234,B341B,SST37023-1B-22,22H,Visionet,visionet@test.com,112233,0812122485
userTest,1234,C172B,SST52021-2B-02,02B,Visionet,visionet@test.com,112233,0812122486
userTest,1234,B312A,SST36023-2A-27,27C,Visionet,visionet@test.com,112233,0812122487
userTest,1234,B382B,SST38022-2B-02,02D,Visionet,visionet@test.com,112233,0812122488
userTest,1234,C622B,SST59009-2B-37,37B,Visionet,visionet@test.com,112233,0812122489
userTest,1234,B301B,SST36022-1B-05,05E,Visionet,visionet@test.com,112233,0812122490
userTest,1234,B221B,SST33022-1B-02,02J,Visionet,visionet@test.com,112233,0812122491
userTest,1234,C621B,SST59009-1B-27,27K,Visionet,visionet@test.com,112233,0812122492
userTest,1234,C402B,SST56008-2B-05,05G,Visionet,visionet@test.com,112233,0812122493
userTest,1234,B412B,SST39021-2B-53,53L,Visionet,visionet@test.com,112233,0812122494
userTest,1234,D012B,SST60007-2B-25,25A,Visionet,visionet@test.com,112233,0812122495
userTest,1234,B421B,SST39022-1B-16,16K,Visionet,visionet@test.com,112233,0812122496
userTest,1234,B282B,SST35022-2B-28,28L,Visionet,visionet@test.com,112233,0812122497
userTest,1234,C331B,SST55009-1B-50,50I,Visionet,visionet@test.com,112233,0812122498
userTest,1234,B342A,SST37023-2A-16,16H,Visionet,visionet@test.com,112233,0812122499
userTest,1234,B222B,SST33022-2B-29,29E,Visionet,visionet@test.com,112233,0812122500
userTest,1234,C321B,SST55008-1B-39,39D,Visionet,visionet@test.com,112233,0812122501
userTest,1234,C081B,SST51021-1B-53,53C,Visionet,visionet@test.com,112233,0812122502
userTest,1234,B302B,SST36022-2B-18,18L,Visionet,visionet@test.com,112233,0812122503
userTest,1234,C081B,SST51021-1B-06,06D,Visionet,visionet@test.com,112233,0812122504
userTest,1234,B282B,SST35022-2B-23,23G,Visionet,visionet@test.com,112233,0812122505
userTest,1234,B222B,SST33022-2B-51,51B,Visionet,visionet@test.com,112233,0812122506
userTest,1234,D031B,SST60009-1B-51,51B,Visionet,visionet@test.com,112233,0812122507
userTest,1234,D012B,SST60007-2B-38,38B,Visionet,visionet@test.com,112233,0812122508
userTest,1234,C401B,SST56008-1B-25,25D,Visionet,visionet@test.com,112233,0812122509
userTest,1234,B301B,SST36022-1B-17,17H,Visionet,visionet@test.com,112233,0812122510
userTest,1234,D012B,SST60007-2B-10,10L,Visionet,visionet@test.com,112233,0812122511
userTest,1234,C022B,SST50021-2B-27,27L,Visionet,visionet@test.com,112233,0812122512
userTest,1234,B222B,SST33022-2B-18,18G,Visionet,visionet@test.com,112233,0812122513
userTest,1234,B222B,SST33022-2B-37,37K,Visionet,visionet@test.com,112233,0812122514
userTest,1234,C332B,SST55009-2B-35,35B,Visionet,visionet@test.com,112233,0812122515
userTest,1234,D012B,SST60007-2B-11,11H,Visionet,visionet@test.com,112233,0812122516
userTest,1234,D031B,SST60009-1B-36,36G,Visionet,visionet@test.com,112233,0812122517
userTest,1234,B221B,SST33022-1B-55,55H,Visionet,visionet@test.com,112233,0812122518
userTest,1234,B301B,SST36022-1B-23,23E,Visionet,visionet@test.com,112233,0812122519
userTest,1234,D012B,SST60007-2B-28,28B,Visionet,visionet@test.com,112233,0812122520
userTest,1234,D031B,SST60009-1B-06,06B,Visionet,visionet@test.com,112233,0812122521
userTest,1234,D031B,SST60009-1B-20,20E,Visionet,visionet@test.com,112233,0812122522
userTest,1234,C602B,SST59007-2B-36,36E,Visionet,visionet@test.com,112233,0812122523
userTest,1234,B341B,SST37023-1B-03,03G,Visionet,visionet@test.com,112233,0812122524
userTest,1234,C091B,SST51022-1B-23,23B,Visionet,visionet@test.com,112233,0812122525
userTest,1234,B382B,SST38022-2B-25,25G,Visionet,visionet@test.com,112233,0812122526
userTest,1234,B301B,SST36022-1B-52,52D,Visionet,visionet@test.com,112233,0812122527
userTest,1234,B221B,SST33022-1B-16,16F,Visionet,visionet@test.com,112233,0812122528
userTest,1234,C601A,SST59007-1A-03,03H,Visionet,visionet@test.com,112233,0812122529
userTest,1234,C401B,SST56008-1B-23,23H,Visionet,visionet@test.com,112233,0812122530
userTest,1234,C621B,SST59009-1B-39,39E,Visionet,visionet@test.com,112233,0812122531
userTest,1234,B332B,SST37022-2B-33,33C,Visionet,visionet@test.com,112233,0812122532
userTest,1234,B282B,SST35022-2B-51,51J,Visionet,visionet@test.com,112233,0812122533
userTest,1234,B421B,SST39022-1B-22,22H,Visionet,visionet@test.com,112233,0812122534
userTest,1234,C601A,SST59007-1A-35,35G,Visionet,visionet@test.com,112233,0812122535
userTest,1234,B412B,SST39021-2B-20,20F,Visionet,visionet@test.com,112233,0812122536
userTest,1234,D031B,SST60009-1B-11,11I,Visionet,visionet@test.com,112233,0812122537
userTest,1234,B332B,SST37022-2B-32,32G,Visionet,visionet@test.com,112233,0812122538
userTest,1234,D031B,SST60009-1B-28,28L,Visionet,visionet@test.com,112233,0812122539
userTest,1234,C621B,SST59009-1B-05,05E,Visionet,visionet@test.com,112233,0812122540
userTest,1234,B342A,SST37023-2A-10,10G,Visionet,visionet@test.com,112233,0812122541
userTest,1234,B281B,SST35022-1B-38,38A,Visionet,visionet@test.com,112233,0812122542
userTest,1234,D022B,SST60008-2B-35,35A,Visionet,visionet@test.com,112233,0812122543
userTest,1234,C172B,SST52021-2B-32,32D,Visionet,visionet@test.com,112233,0812122544
userTest,1234,C292B,SST53021-2B-25,25L,Visionet,visionet@test.com,112233,0812122545
userTest,1234,C171B,SST52021-1B-33,33G,Visionet,visionet@test.com,112233,0812122546
userTest,1234,B302B,SST36022-2B-53,53I,Visionet,visionet@test.com,112233,0812122547
userTest,1234,B422B,SST39022-2B-29,29A,Visionet,visionet@test.com,112233,0812122548
userTest,1234,B221B,SST33022-1B-51,51E,Visionet,visionet@test.com,112233,0812122549
userTest,1234,C621B,SST59009-1B-10,10E,Visionet,visionet@test.com,112233,0812122550
userTest,1234,C322B,SST55008-2B-52,52L,Visionet,visionet@test.com,112233,0812122551
userTest,1234,B311B,SST36023-1B-02,02K,Visionet,visionet@test.com,112233,0812122552
userTest,1234,C172B,SST52021-2B-26,26D,Visionet,visionet@test.com,112233,0812122553
userTest,1234,B422B,SST39022-2B-28,28E,Visionet,visionet@test.com,112233,0812122554
userTest,1234,C601A,SST59007-1A-03,03B,Visionet,visionet@test.com,112233,0812122555
userTest,1234,C601A,SST59007-1A-26,26F,Visionet,visionet@test.com,112233,0812122556
userTest,1234,B331B,SST37022-1B-53,53K,Visionet,visionet@test.com,112233,0812122557
userTest,1234,C601A,SST59007-1A-36,36E,Visionet,visionet@test.com,112233,0812122558
userTest,1234,B301B,SST36022-1B-31,31I,Visionet,visionet@test.com,112233,0812122559
userTest,1234,C042B,SST50023-2B-16,16L,Visionet,visionet@test.com,112233,0812122560
userTest,1234,B422B,SST39022-2B-30,30E,Visionet,visionet@test.com,112233,0812122561
userTest,1234,C082B,SST51021-2B-38,38F,Visionet,visionet@test.com,112233,0812122562
userTest,1234,C621B,SST59009-1B-22,22J,Visionet,visionet@test.com,112233,0812122563
userTest,1234,C292B,SST53021-2B-51,51B,Visionet,visionet@test.com,112233,0812122564
userTest,1234,B361B,SST38020-1B-09,09I,Visionet,visionet@test.com,112233,0812122565
userTest,1234,C412B,SST56009-2B-17,17D,Visionet,visionet@test.com,112233,0812122566
userTest,1234,B332B,SST37022-2B-21,21D,Visionet,visionet@test.com,112233,0812122567
userTest,1234,B281B,SST35022-1B-21,21D,Visionet,visionet@test.com,112233,0812122568
userTest,1234,D012B,SST60007-2B-11,11J,Visionet,visionet@test.com,112233,0812122569
userTest,1234,C612A,SST59008-2A-25,25G,Visionet,visionet@test.com,112233,0812122570
userTest,1234,C092B,SST51022-2B-10,10E,Visionet,visionet@test.com,112233,0812122571
userTest,1234,C172B,SST52021-2B-10,10B,Visionet,visionet@test.com,112233,0812122572
userTest,1234,D032B,SST60009-2B-15,15C,Visionet,visionet@test.com,112233,0812122573
userTest,1234,D032B,SST60009-2B-28,28A,Visionet,visionet@test.com,112233,0812122574
userTest,1234,B302B,SST36022-2B-53,53K,Visionet,visionet@test.com,112233,0812122575
userTest,1234,C331B,SST55009-1B-22,22I,Visionet,visionet@test.com,112233,0812122576
userTest,1234,C092B,SST51022-2B-03,03K,Visionet,visionet@test.com,112233,0812122577
userTest,1234,C091B,SST51022-1B-28,28E,Visionet,visionet@test.com,112233,0812122578
userTest,1234,C622B,SST59009-2B-50,50C,Visionet,visionet@test.com,112233,0812122579
userTest,1234,B311B,SST36023-1B-33,33A,Visionet,visionet@test.com,112233,0812122580
userTest,1234,B311B,SST36023-1B-15,15H,Visionet,visionet@test.com,112233,0812122581
userTest,1234,C611B,SST59008-1B-28,28H,Visionet,visionet@test.com,112233,0812122582
userTest,1234,B422B,SST39022-2B-16,16L,Visionet,visionet@test.com,112233,0812122583
userTest,1234,B342A,SST37023-2A-11,11H,Visionet,visionet@test.com,112233,0812122584
userTest,1234,B221B,SST33022-1B-32,32D,Visionet,visionet@test.com,112233,0812122585
userTest,1234,D021B,SST60008-1B-15,15K,Visionet,visionet@test.com,112233,0812122586
userTest,1234,C082B,SST51021-2B-07,07B,Visionet,visionet@test.com,112233,0812122587
userTest,1234,D021B,SST60008-1B-37,37D,Visionet,visionet@test.com,112233,0812122588
userTest,1234,C032B,SST50022-2B-22,22C,Visionet,visionet@test.com,112233,0812122589
userTest,1234,C331B,SST55009-1B-31,31B,Visionet,visionet@test.com,112233,0812122590
userTest,1234,C291B,SST53021-1B-03,03G,Visionet,visionet@test.com,112233,0812122591
userTest,1234,C021A,SST50021-1A-50,50B,Visionet,visionet@test.com,112233,0812122592
userTest,1234,C082B,SST51021-2B-15,15B,Visionet,visionet@test.com,112233,0812122593
userTest,1234,C181B,SST52022-1B-26,26C,Visionet,visionet@test.com,112233,0812122594
userTest,1234,C602B,SST59007-2B-16,16J,Visionet,visionet@test.com,112233,0812122595
userTest,1234,C082B,SST51021-2B-22,22I,Visionet,visionet@test.com,112233,0812122596
userTest,1234,B281B,SST35022-1B-25,25B,Visionet,visionet@test.com,112233,0812122597
userTest,1234,B332B,SST37022-2B-50,50L,Visionet,visionet@test.com,112233,0812122598
userTest,1234,B422B,SST39022-2B-06,06L,Visionet,visionet@test.com,112233,0812122599
userTest,1234,C172B,SST52021-2B-27,27L,Visionet,visionet@test.com,112233,0812122600
userTest,1234,C082B,SST51021-2B-08,08D,Visionet,visionet@test.com,112233,0812122601
userTest,1234,B281B,SST35022-1B-18,18E,Visionet,visionet@test.com,112233,0812122602
userTest,1234,C602B,SST59007-2B-22,22F,Visionet,visionet@test.com,112233,0812122603
userTest,1234,D022B,SST60008-2B-25,25I,Visionet,visionet@test.com,112233,0812122604
userTest,1234,B302B,SST36022-2B-10,10I,Visionet,visionet@test.com,112233,0812122605
userTest,1234,B311B,SST36023-1B-12,12A,Visionet,visionet@test.com,112233,0812122606
userTest,1234,B312A,SST36023-2A-22,22F,Visionet,visionet@test.com,112233,0812122607
userTest,1234,D011B,SST60007-1B-26,26I,Visionet,visionet@test.com,112233,0812122608
userTest,1234,D032B,SST60009-2B-22,22F,Visionet,visionet@test.com,112233,0812122609
userTest,1234,C172B,SST52021-2B-38,38H,Visionet,visionet@test.com,112233,0812122610
userTest,1234,B222B,SST33022-2B-17,17C,Visionet,visionet@test.com,112233,0812122611
userTest,1234,B222B,SST33022-2B-33,33K,Visionet,visionet@test.com,112233,0812122612
userTest,1234,C182B,SST52022-2B-11,11K,Visionet,visionet@test.com,112233,0812122613
userTest,1234,B432B,SST39023-2B-30,30C,Visionet,visionet@test.com,112233,0812122614
userTest,1234,D021B,SST60008-1B-37,37A,Visionet,visionet@test.com,112233,0812122615
userTest,1234,C412B,SST56009-2B-16,16H,Visionet,visionet@test.com,112233,0812122616
userTest,1234,B282B,SST35022-2B-32,32C,Visionet,visionet@test.com,112233,0812122617
userTest,1234,C032B,SST50022-2B-21,21G,Visionet,visionet@test.com,112233,0812122618
userTest,1234,B421B,SST39022-1B-27,27J,Visionet,visionet@test.com,112233,0812122619
userTest,1234,C411A,SST56009-1A-37,37A,Visionet,visionet@test.com,112233,0812122620
userTest,1234,C322B,SST55008-2B-31,31G,Visionet,visionet@test.com,112233,0812122621
userTest,1234,D012B,SST60007-2B-18,18A,Visionet,visionet@test.com,112233,0812122622
userTest,1234,B311B,SST36023-1B-27,27L,Visionet,visionet@test.com,112233,0812122623
userTest,1234,B332B,SST37022-2B-10,10B,Visionet,visionet@test.com,112233,0812122624
userTest,1234,B222B,SST33022-2B-33,33J,Visionet,visionet@test.com,112233,0812122625
userTest,1234,C092B,SST51022-2B-18,18D,Visionet,visionet@test.com,112233,0812122626
userTest,1234,C602B,SST59007-2B-25,25K,Visionet,visionet@test.com,112233,0812122627
userTest,1234,B282B,SST35022-2B-28,28J,Visionet,visionet@test.com,112233,0812122628
userTest,1234,C601A,SST59007-1A-31,31G,Visionet,visionet@test.com,112233,0812122629
userTest,1234,C331B,SST55009-1B-36,36E,Visionet,visionet@test.com,112233,0812122630
userTest,1234,C621B,SST59009-1B-55,55J,Visionet,visionet@test.com,112233,0812122631
userTest,1234,D031B,SST60009-1B-39,39E,Visionet,visionet@test.com,112233,0812122632
userTest,1234,B282B,SST35022-2B-05,05E,Visionet,visionet@test.com,112233,0812122633
userTest,1234,B311B,SST36023-1B-29,29L,Visionet,visionet@test.com,112233,0812122634
userTest,1234,C612A,SST59008-2A-11,11G,Visionet,visionet@test.com,112233,0812122635
userTest,1234,B342A,SST37023-2A-36,36F,Visionet,visionet@test.com,112233,0812122636
userTest,1234,B341B,SST37023-1B-26,26J,Visionet,visionet@test.com,112233,0812122637
userTest,1234,C601A,SST59007-1A-52,52E,Visionet,visionet@test.com,112233,0812122638
userTest,1234,C291B,SST53021-1B-03,03A,Visionet,visionet@test.com,112233,0812122639
userTest,1234,B311B,SST36023-1B-51,51D,Visionet,visionet@test.com,112233,0812122640
userTest,1234,C622B,SST59009-2B-17,17J,Visionet,visionet@test.com,112233,0812122641
userTest,1234,C022B,SST50021-2B-51,51D,Visionet,visionet@test.com,112233,0812122642
userTest,1234,D031B,SST60009-1B-29,29L,Visionet,visionet@test.com,112233,0812122643
userTest,1234,B301B,SST36022-1B-18,18J,Visionet,visionet@test.com,112233,0812122644
userTest,1234,D032B,SST60009-2B-11,11D,Visionet,visionet@test.com,112233,0812122645
userTest,1234,D032B,SST60009-2B-52,52H,Visionet,visionet@test.com,112233,0812122646
userTest,1234,C042B,SST50023-2B-01,01E,Visionet,visionet@test.com,112233,0812122647
userTest,1234,C621B,SST59009-1B-20,20J,Visionet,visionet@test.com,112233,0812122648
userTest,1234,C412B,SST56009-2B-28,28E,Visionet,visionet@test.com,112233,0812122649
userTest,1234,B282B,SST35022-2B-02,02A,Visionet,visionet@test.com,112233,0812122650
userTest,1234,C392B,SST56007-2B-22,22D,Visionet,visionet@test.com,112233,0812122651
userTest,1234,B341B,SST37023-1B-39,39K,Visionet,visionet@test.com,112233,0812122652
userTest,1234,C291B,SST53021-1B-52,52H,Visionet,visionet@test.com,112233,0812122653
userTest,1234,B361B,SST38020-1B-22,22A,Visionet,visionet@test.com,112233,0812122654
userTest,1234,B311B,SST36023-1B-21,21G,Visionet,visionet@test.com,112233,0812122655
userTest,1234,B362B,SST38020-2B-52,52D,Visionet,visionet@test.com,112233,0812122656
userTest,1234,C401B,SST56008-1B-12,12L,Visionet,visionet@test.com,112233,0812122657
userTest,1234,B221B,SST33022-1B-27,27J,Visionet,visionet@test.com,112233,0812122658
userTest,1234,B312A,SST36023-2A-33,33G,Visionet,visionet@test.com,112233,0812122659
userTest,1234,D011B,SST60007-1B-12,12A,Visionet,visionet@test.com,112233,0812122660
userTest,1234,C392B,SST56007-2B-32,32L,Visionet,visionet@test.com,112233,0812122661
userTest,1234,C412B,SST56009-2B-33,33H,Visionet,visionet@test.com,112233,0812122662
userTest,1234,C622B,SST59009-2B-23,23E,Visionet,visionet@test.com,112233,0812122663
userTest,1234,D032B,SST60009-2B-01,01F,Visionet,visionet@test.com,112233,0812122664
userTest,1234,C401B,SST56008-1B-05,05F,Visionet,visionet@test.com,112233,0812122665
userTest,1234,D021B,SST60008-1B-06,06A,Visionet,visionet@test.com,112233,0812122666
userTest,1234,C081B,SST51021-1B-19,19B,Visionet,visionet@test.com,112233,0812122667
userTest,1234,D012B,SST60007-2B-55,55E,Visionet,visionet@test.com,112233,0812122668
userTest,1234,C022B,SST50021-2B-37,37H,Visionet,visionet@test.com,112233,0812122669
userTest,1234,B412B,SST39021-2B-07,07L,Visionet,visionet@test.com,112233,0812122670
userTest,1234,C412B,SST56009-2B-27,27G,Visionet,visionet@test.com,112233,0812122671
userTest,1234,B312A,SST36023-2A-06,06A,Visionet,visionet@test.com,112233,0812122672
userTest,1234,C402B,SST56008-2B-52,52B,Visionet,visionet@test.com,112233,0812122673
userTest,1234,C291B,SST53021-1B-21,21H,Visionet,visionet@test.com,112233,0812122674
userTest,1234,C402B,SST56008-2B-09,09J,Visionet,visionet@test.com,112233,0812122675
userTest,1234,C172B,SST52021-2B-31,31E,Visionet,visionet@test.com,112233,0812122676
userTest,1234,C322B,SST55008-2B-55,55L,Visionet,visionet@test.com,112233,0812122677
userTest,1234,C172B,SST52021-2B-02,02H,Visionet,visionet@test.com,112233,0812122678
userTest,1234,C602B,SST59007-2B-51,51B,Visionet,visionet@test.com,112233,0812122679
userTest,1234,C401B,SST56008-1B-51,51E,Visionet,visionet@test.com,112233,0812122680
userTest,1234,C401B,SST56008-1B-29,29I,Visionet,visionet@test.com,112233,0812122681
userTest,1234,C401B,SST56008-1B-15,15E,Visionet,visionet@test.com,112233,0812122682
userTest,1234,B381B,SST38022-1B-27,27D,Visionet,visionet@test.com,112233,0812122683
userTest,1234,C402B,SST56008-2B-07,07L,Visionet,visionet@test.com,112233,0812122684
userTest,1234,B311B,SST36023-1B-32,32B,Visionet,visionet@test.com,112233,0812122685
userTest,1234,C021A,SST50021-1A-31,31E,Visionet,visionet@test.com,112233,0812122686
userTest,1234,B282B,SST35022-2B-38,38H,Visionet,visionet@test.com,112233,0812122687
userTest,1234,B331B,SST37022-1B-26,26F,Visionet,visionet@test.com,112233,0812122688
userTest,1234,B312A,SST36023-2A-11,11A,Visionet,visionet@test.com,112233,0812122689
userTest,1234,D011B,SST60007-1B-25,25I,Visionet,visionet@test.com,112233,0812122690
userTest,1234,C402B,SST56008-2B-50,50G,Visionet,visionet@test.com,112233,0812122691
userTest,1234,C622B,SST59009-2B-07,07L,Visionet,visionet@test.com,112233,0812122692
userTest,1234,C412B,SST56009-2B-10,10D,Visionet,visionet@test.com,112233,0812122693
userTest,1234,B382B,SST38022-2B-20,20E,Visionet,visionet@test.com,112233,0812122694
userTest,1234,B301B,SST36022-1B-31,31B,Visionet,visionet@test.com,112233,0812122695
userTest,1234,B412B,SST39021-2B-32,32L,Visionet,visionet@test.com,112233,0812122696
userTest,1234,B362B,SST38020-2B-05,05I,Visionet,visionet@test.com,112233,0812122697
userTest,1234,C402B,SST56008-2B-17,17C,Visionet,visionet@test.com,112233,0812122698
userTest,1234,C622B,SST59009-2B-20,20L,Visionet,visionet@test.com,112233,0812122699
userTest,1234,C081B,SST51021-1B-21,21D,Visionet,visionet@test.com,112233,0812122700
userTest,1234,B301B,SST36022-1B-15,15C,Visionet,visionet@test.com,112233,0812122701
userTest,1234,D031B,SST60009-1B-05,05G,Visionet,visionet@test.com,112233,0812122702
userTest,1234,C092B,SST51022-2B-09,09H,Visionet,visionet@test.com,112233,0812122703
userTest,1234,C322B,SST55008-2B-30,30C,Visionet,visionet@test.com,112233,0812122704
userTest,1234,D011B,SST60007-1B-27,27J,Visionet,visionet@test.com,112233,0812122705
userTest,1234,D031B,SST60009-1B-06,06G,Visionet,visionet@test.com,112233,0812122706
userTest,1234,C621B,SST59009-1B-29,29C,Visionet,visionet@test.com,112233,0812122707
userTest,1234,B222B,SST33022-2B-55,55F,Visionet,visionet@test.com,112233,0812122708
userTest,1234,B431A,SST39023-1A-23,23G,Visionet,visionet@test.com,112233,0812122709
userTest,1234,C172B,SST52021-2B-10,10F,Visionet,visionet@test.com,112233,0812122710
userTest,1234,B422B,SST39022-2B-12,12B,Visionet,visionet@test.com,112233,0812122711
userTest,1234,C602B,SST59007-2B-55,55G,Visionet,visionet@test.com,112233,0812122712
userTest,1234,C402B,SST56008-2B-16,16E,Visionet,visionet@test.com,112233,0812122713
userTest,1234,C182B,SST52022-2B-30,30H,Visionet,visionet@test.com,112233,0812122714
userTest,1234,B421B,SST39022-1B-28,28D,Visionet,visionet@test.com,112233,0812122715
userTest,1234,C601A,SST59007-1A-32,32C,Visionet,visionet@test.com,112233,0812122716
userTest,1234,C332B,SST55009-2B-36,36D,Visionet,visionet@test.com,112233,0812122717
userTest,1234,B362B,SST38020-2B-02,02F,Visionet,visionet@test.com,112233,0812122718
userTest,1234,B312A,SST36023-2A-17,17E,Visionet,visionet@test.com,112233,0812122719
userTest,1234,B421B,SST39022-1B-12,12C,Visionet,visionet@test.com,112233,0812122720
userTest,1234,B311B,SST36023-1B-23,23G,Visionet,visionet@test.com,112233,0812122721
userTest,1234,C621B,SST59009-1B-05,05I,Visionet,visionet@test.com,112233,0812122722
userTest,1234,B362B,SST38020-2B-39,39B,Visionet,visionet@test.com,112233,0812122723
userTest,1234,C022B,SST50021-2B-50,50K,Visionet,visionet@test.com,112233,0812122724
userTest,1234,B282B,SST35022-2B-15,15C,Visionet,visionet@test.com,112233,0812122725
userTest,1234,C622B,SST59009-2B-31,31G,Visionet,visionet@test.com,112233,0812122726
userTest,1234,C172B,SST52021-2B-38,38A,Visionet,visionet@test.com,112233,0812122727
userTest,1234,B221B,SST33022-1B-11,11B,Visionet,visionet@test.com,112233,0812122728
userTest,1234,C601A,SST59007-1A-33,33C,Visionet,visionet@test.com,112233,0812122729
userTest,1234,C611B,SST59008-1B-23,23A,Visionet,visionet@test.com,112233,0812122730
userTest,1234,B362B,SST38020-2B-03,03D,Visionet,visionet@test.com,112233,0812122731
userTest,1234,C601A,SST59007-1A-25,25H,Visionet,visionet@test.com,112233,0812122732
userTest,1234,B302B,SST36022-2B-20,20G,Visionet,visionet@test.com,112233,0812122733
userTest,1234,D021B,SST60008-1B-03,03K,Visionet,visionet@test.com,112233,0812122734
userTest,1234,B331B,SST37022-1B-07,07L1,Visionet,visionet@test.com,112233,0812122735
userTest,1234,C042B,SST50023-2B-01,01L,Visionet,visionet@test.com,112233,0812122736
userTest,1234,B332B,SST37022-2B-26,26J,Visionet,visionet@test.com,112233,0812122737
userTest,1234,C032B,SST50022-2B-28,28I,Visionet,visionet@test.com,112233,0812122738
userTest,1234,C621B,SST59009-1B-01,01L,Visionet,visionet@test.com,112233,0812122739
userTest,1234,C022B,SST50021-2B-30,30B,Visionet,visionet@test.com,112233,0812122740
userTest,1234,C171B,SST52021-1B-39,39E,Visionet,visionet@test.com,112233,0812122741
userTest,1234,C622B,SST59009-2B-03,03F,Visionet,visionet@test.com,112233,0812122742
userTest,1234,C612A,SST59008-2A-50,50E,Visionet,visionet@test.com,112233,0812122743
userTest,1234,D021B,SST60008-1B-32,32D,Visionet,visionet@test.com,112233,0812122744
userTest,1234,B331B,SST37022-1B-32,32A,Visionet,visionet@test.com,112233,0812122745
userTest,1234,B361B,SST38020-1B-15,15E,Visionet,visionet@test.com,112233,0812122746
userTest,1234,B282B,SST35022-2B-12,12J,Visionet,visionet@test.com,112233,0812122747
userTest,1234,D031B,SST60009-1B-18,18E,Visionet,visionet@test.com,112233,0812122748
userTest,1234,C411A,SST56009-1A-11,11A,Visionet,visionet@test.com,112233,0812122749
userTest,1234,C031B,SST50022-1B-08,08A,Visionet,visionet@test.com,112233,0812122750
userTest,1234,C082B,SST51021-2B-30,30I,Visionet,visionet@test.com,112233,0812122751
userTest,1234,B422B,SST39022-2B-03,03H,Visionet,visionet@test.com,112233,0812122752
userTest,1234,C332B,SST55009-2B-50,50D,Visionet,visionet@test.com,112233,0812122753
userTest,1234,C041B,SST50023-1B-17,17B,Visionet,visionet@test.com,112233,0812122754
userTest,1234,D022B,SST60008-2B-53,53E,Visionet,visionet@test.com,112233,0812122755
userTest,1234,C622B,SST59009-2B-36,36I,Visionet,visionet@test.com,112233,0812122756
userTest,1234,B222B,SST33022-2B-26,26J,Visionet,visionet@test.com,112233,0812122757
userTest,1234,D031B,SST60009-1B-01,01I,Visionet,visionet@test.com,112233,0812122758
userTest,1234,C621B,SST59009-1B-05,05H,Visionet,visionet@test.com,112233,0812122759
userTest,1234,C612A,SST59008-2A-03,03F,Visionet,visionet@test.com,112233,0812122760
userTest,1234,C022B,SST50021-2B-32,32C,Visionet,visionet@test.com,112233,0812122761
userTest,1234,B281B,SST35022-1B-51,51A,Visionet,visionet@test.com,112233,0812122762
userTest,1234,C022B,SST50021-2B-28,28L,Visionet,visionet@test.com,112233,0812122763
userTest,1234,B281B,SST35022-1B-37,37B,Visionet,visionet@test.com,112233,0812122764
userTest,1234,B281B,SST35022-1B-08,08G,Visionet,visionet@test.com,112233,0812122765
userTest,1234,B331B,SST37022-1B-16,16J,Visionet,visionet@test.com,112233,0812122766
userTest,1234,C622B,SST59009-2B-23,23H,Visionet,visionet@test.com,112233,0812122767
userTest,1234,D012B,SST60007-2B-15,15E,Visionet,visionet@test.com,112233,0812122768
userTest,1234,B331B,SST37022-1B-37,37D,Visionet,visionet@test.com,112233,0812122769
userTest,1234,B342A,SST37023-2A-05,05D,Visionet,visionet@test.com,112233,0812122770
userTest,1234,B412B,SST39021-2B-29,29G,Visionet,visionet@test.com,112233,0812122771
userTest,1234,B361B,SST38020-1B-37,37J,Visionet,visionet@test.com,112233,0812122772
userTest,1234,C601A,SST59007-1A-12,12E,Visionet,visionet@test.com,112233,0812122773
userTest,1234,C032B,SST50022-2B-21,21A,Visionet,visionet@test.com,112233,0812122774
userTest,1234,B362B,SST38020-2B-31,31K,Visionet,visionet@test.com,112233,0812122775
userTest,1234,B282B,SST35022-2B-16,16C,Visionet,visionet@test.com,112233,0812122776
userTest,1234,C621B,SST59009-1B-06,06D,Visionet,visionet@test.com,112233,0812122777
userTest,1234,B311B,SST36023-1B-19,19F,Visionet,visionet@test.com,112233,0812122778
userTest,1234,B362B,SST38020-2B-10,10D,Visionet,visionet@test.com,112233,0812122779
userTest,1234,C021A,SST50021-1A-52,52E,Visionet,visionet@test.com,112233,0812122780
userTest,1234,B302B,SST36022-2B-15,15K,Visionet,visionet@test.com,112233,0812122781
userTest,1234,C611B,SST59008-1B-33,33A,Visionet,visionet@test.com,112233,0812122782
userTest,1234,C322B,SST55008-2B-18,18D,Visionet,visionet@test.com,112233,0812122783
userTest,1234,C082B,SST51021-2B-26,26G,Visionet,visionet@test.com,112233,0812122784
userTest,1234,B341B,SST37023-1B-55,55G,Visionet,visionet@test.com,112233,0812122785
userTest,1234,B221B,SST33022-1B-25,25J,Visionet,visionet@test.com,112233,0812122786
userTest,1234,B422B,SST39022-2B-10,10I,Visionet,visionet@test.com,112233,0812122787
userTest,1234,B382B,SST38022-2B-26,26G,Visionet,visionet@test.com,112233,0812122788
userTest,1234,B281B,SST35022-1B-08,08H,Visionet,visionet@test.com,112233,0812122789
userTest,1234,B341B,SST37023-1B-53,53F,Visionet,visionet@test.com,112233,0812122790
userTest,1234,C611B,SST59008-1B-51,51D,Visionet,visionet@test.com,112233,0812122791
userTest,1234,B331B,SST37022-1B-17,17K,Visionet,visionet@test.com,112233,0812122792
userTest,1234,C602B,SST59007-2B-39,39L,Visionet,visionet@test.com,112233,0812122793
userTest,1234,B222B,SST33022-2B-09,09J,Visionet,visionet@test.com,112233,0812122794
userTest,1234,C291B,SST53021-1B-53,53J,Visionet,visionet@test.com,112233,0812122795
userTest,1234,C172B,SST52021-2B-28,28C,Visionet,visionet@test.com,112233,0812122796
userTest,1234,C182B,SST52022-2B-28,28B,Visionet,visionet@test.com,112233,0812122797
userTest,1234,C401B,SST56008-1B-21,21C,Visionet,visionet@test.com,112233,0812122798
userTest,1234,B412B,SST39021-2B-20,20B,Visionet,visionet@test.com,112233,0812122799
userTest,1234,C082B,SST51021-2B-52,52D,Visionet,visionet@test.com,112233,0812122800
userTest,1234,C611B,SST59008-1B-01,01E,Visionet,visionet@test.com,112233,0812122801
userTest,1234,D012B,SST60007-2B-06,06G,Visionet,visionet@test.com,112233,0812122802
userTest,1234,B362B,SST38020-2B-51,51F,Visionet,visionet@test.com,112233,0812122803
userTest,1234,C182B,SST52022-2B-12,12I,Visionet,visionet@test.com,112233,0812122804
userTest,1234,C081B,SST51021-1B-29,29E,Visionet,visionet@test.com,112233,0812122805
userTest,1234,C601A,SST59007-1A-08,08A,Visionet,visionet@test.com,112233,0812122806
userTest,1234,D032B,SST60009-2B-53,53F,Visionet,visionet@test.com,112233,0812122807
userTest,1234,C022B,SST50021-2B-01,01I,Visionet,visionet@test.com,112233,0812122808
userTest,1234,B331B,SST37022-1B-07,07E,Visionet,visionet@test.com,112233,0812122809
userTest,1234,C621B,SST59009-1B-12,12A,Visionet,visionet@test.com,112233,0812122810
userTest,1234,C171B,SST52021-1B-30,30F,Visionet,visionet@test.com,112233,0812122811
userTest,1234,B412B,SST39021-2B-36,36B,Visionet,visionet@test.com,112233,0812122812
userTest,1234,B382B,SST38022-2B-21,21C,Visionet,visionet@test.com,112233,0812122813
userTest,1234,B281B,SST35022-1B-17,17D,Visionet,visionet@test.com,112233,0812122814
userTest,1234,D012B,SST60007-2B-52,52L,Visionet,visionet@test.com,112233,0812122815
userTest,1234,C401B,SST56008-1B-01,01A,Visionet,visionet@test.com,112233,0812122816
userTest,1234,B332B,SST37022-2B-20,20H,Visionet,visionet@test.com,112233,0812122817
userTest,1234,B281B,SST35022-1B-20,20I,Visionet,visionet@test.com,112233,0812122818
userTest,1234,C411A,SST56009-1A-32,32D,Visionet,visionet@test.com,112233,0812122819
userTest,1234,C401B,SST56008-1B-29,29L,Visionet,visionet@test.com,112233,0812122820
userTest,1234,C402B,SST56008-2B-18,18H,Visionet,visionet@test.com,112233,0812122821
userTest,1234,D011B,SST60007-1B-55,55E,Visionet,visionet@test.com,112233,0812122822
userTest,1234,C401B,SST56008-1B-15,15B,Visionet,visionet@test.com,112233,0812122823
userTest,1234,B221B,SST33022-1B-22,22J,Visionet,visionet@test.com,112233,0812122824
userTest,1234,C412B,SST56009-2B-10,10C,Visionet,visionet@test.com,112233,0812122825
userTest,1234,B282B,SST35022-2B-37,37B,Visionet,visionet@test.com,112233,0812122826
userTest,1234,D032B,SST60009-2B-26,26H,Visionet,visionet@test.com,112233,0812122827
userTest,1234,C412B,SST56009-2B-39,39E,Visionet,visionet@test.com,112233,0812122828
userTest,1234,D011B,SST60007-1B-11,11E,Visionet,visionet@test.com,112233,0812122829
userTest,1234,B331B,SST37022-1B-01,01F,Visionet,visionet@test.com,112233,0812122830
userTest,1234,B362B,SST38020-2B-02,02C,Visionet,visionet@test.com,112233,0812122831
userTest,1234,C082B,SST51021-2B-28,28B,Visionet,visionet@test.com,112233,0812122832
userTest,1234,C181B,SST52022-1B-25,25B,Visionet,visionet@test.com,112233,0812122833
userTest,1234,B331B,SST37022-1B-27,27H,Visionet,visionet@test.com,112233,0812122834
userTest,1234,D022B,SST60008-2B-26,26E,Visionet,visionet@test.com,112233,0812122835
userTest,1234,D032B,SST60009-2B-53,53C,Visionet,visionet@test.com,112233,0812122836
userTest,1234,C411A,SST56009-1A-23,23H,Visionet,visionet@test.com,112233,0812122837
userTest,1234,C621B,SST59009-1B-03,03D,Visionet,visionet@test.com,112233,0812122838
userTest,1234,B301B,SST36022-1B-32,32C,Visionet,visionet@test.com,112233,0812122839
userTest,1234,B311B,SST36023-1B-01,01J,Visionet,visionet@test.com,112233,0812122840
userTest,1234,C091B,SST51022-1B-20,20C,Visionet,visionet@test.com,112233,0812122841
userTest,1234,C611B,SST59008-1B-53,53F,Visionet,visionet@test.com,112233,0812122842
userTest,1234,C602B,SST59007-2B-36,36L,Visionet,visionet@test.com,112233,0812122843
userTest,1234,C081B,SST51021-1B-15,15E,Visionet,visionet@test.com,112233,0812122844
userTest,1234,B331B,SST37022-1B-52,52F,Visionet,visionet@test.com,112233,0812122845
userTest,1234,B281B,SST35022-1B-51,51C,Visionet,visionet@test.com,112233,0812122846
userTest,1234,C082B,SST51021-2B-26,26B,Visionet,visionet@test.com,112233,0812122847
userTest,1234,C411A,SST56009-1A-33,33D,Visionet,visionet@test.com,112233,0812122848
userTest,1234,B361B,SST38020-1B-37,37I,Visionet,visionet@test.com,112233,0812122849
userTest,1234,B411A,SST39021-1A-01,01F,Visionet,visionet@test.com,112233,0812122850
userTest,1234,C401B,SST56008-1B-21,21A,Visionet,visionet@test.com,112233,0812122851
userTest,1234,C612A,SST59008-2A-21,21B,Visionet,visionet@test.com,112233,0812122852
userTest,1234,C612A,SST59008-2A-10,10E,Visionet,visionet@test.com,112233,0812122853
userTest,1234,B331B,SST37022-1B-15,15I,Visionet,visionet@test.com,112233,0812122854
userTest,1234,B331B,SST37022-1B-16,16G,Visionet,visionet@test.com,112233,0812122855
userTest,1234,C331B,SST55009-1B-01,01A,Visionet,visionet@test.com,112233,0812122856
userTest,1234,B391B,SST38023-1B-23,23I,Visionet,visionet@test.com,112233,0812122857
userTest,1234,B222B,SST33022-2B-35,35L,Visionet,visionet@test.com,112233,0812122858
userTest,1234,B311B,SST36023-1B-29,29B,Visionet,visionet@test.com,112233,0812122859
userTest,1234,B221B,SST33022-1B-25,25K,Visionet,visionet@test.com,112233,0812122860
userTest,1234,C621B,SST59009-1B-28,28A,Visionet,visionet@test.com,112233,0812122861
userTest,1234,D032B,SST60009-2B-01,01A,Visionet,visionet@test.com,112233,0812122862
userTest,1234,B301B,SST36022-1B-51,51B,Visionet,visionet@test.com,112233,0812122863
userTest,1234,D011B,SST60007-1B-39,39I,Visionet,visionet@test.com,112233,0812122864
userTest,1234,C091B,SST51022-1B-29,29D,Visionet,visionet@test.com,112233,0812122865
userTest,1234,C392B,SST56007-2B-03,03I,Visionet,visionet@test.com,112233,0812122866
userTest,1234,B381B,SST38022-1B-26,26B,Visionet,visionet@test.com,112233,0812122867
userTest,1234,C022B,SST50021-2B-02,02K,Visionet,visionet@test.com,112233,0812122868
userTest,1234,C321B,SST55008-1B-25,25D,Visionet,visionet@test.com,112233,0812122869
userTest,1234,D012B,SST60007-2B-53,53A,Visionet,visionet@test.com,112233,0812122870
userTest,1234,B312A,SST36023-2A-08,08E,Visionet,visionet@test.com,112233,0812122871
userTest,1234,C612A,SST59008-2A-02,02B,Visionet,visionet@test.com,112233,0812122872
userTest,1234,C081B,SST51021-1B-16,16A,Visionet,visionet@test.com,112233,0812122873
userTest,1234,C611B,SST59008-1B-22,22F,Visionet,visionet@test.com,112233,0812122874
userTest,1234,C622B,SST59009-2B-37,37I,Visionet,visionet@test.com,112233,0812122875
userTest,1234,B222B,SST33022-2B-28,28D,Visionet,visionet@test.com,112233,0812122876
userTest,1234,C332B,SST55009-2B-38,38L,Visionet,visionet@test.com,112233,0812122877
userTest,1234,C081B,SST51021-1B-50,50C,Visionet,visionet@test.com,112233,0812122878
userTest,1234,B331B,SST37022-1B-11,11A,Visionet,visionet@test.com,112233,0812122879
userTest,1234,C601A,SST59007-1A-11,11A,Visionet,visionet@test.com,112233,0812122880
userTest,1234,D012B,SST60007-2B-01,01G,Visionet,visionet@test.com,112233,0812122881
userTest,1234,B302B,SST36022-2B-01,01H,Visionet,visionet@test.com,112233,0812122882
userTest,1234,B432B,SST39023-2B-01,01L,Visionet,visionet@test.com,112233,0812122883
userTest,1234,B281B,SST35022-1B-26,26E,Visionet,visionet@test.com,112233,0812122884
userTest,1234,B332B,SST37022-2B-27,27J,Visionet,visionet@test.com,112233,0812122885
userTest,1234,B362B,SST38020-2B-07,07I,Visionet,visionet@test.com,112233,0812122886
userTest,1234,C291B,SST53021-1B-31,31D,Visionet,visionet@test.com,112233,0812122887
userTest,1234,C322B,SST55008-2B-20,20I,Visionet,visionet@test.com,112233,0812122888
userTest,1234,B331B,SST37022-1B-01,01A,Visionet,visionet@test.com,112233,0812122889
userTest,1234,C401B,SST56008-1B-35,35A,Visionet,visionet@test.com,112233,0812122890
userTest,1234,C611B,SST59008-1B-36,36E,Visionet,visionet@test.com,112233,0812122891
userTest,1234,C622B,SST59009-2B-25,25B,Visionet,visionet@test.com,112233,0812122892
userTest,1234,C041B,SST50023-1B-21,21G,Visionet,visionet@test.com,112233,0812122893
userTest,1234,B302B,SST36022-2B-22,22I,Visionet,visionet@test.com,112233,0812122894
userTest,1234,C601A,SST59007-1A-36,36B,Visionet,visionet@test.com,112233,0812122895
userTest,1234,C621B,SST59009-1B-36,36H,Visionet,visionet@test.com,112233,0812122896
userTest,1234,C612A,SST59008-2A-15,15B,Visionet,visionet@test.com,112233,0812122897
userTest,1234,B312A,SST36023-2A-07,07F,Visionet,visionet@test.com,112233,0812122898
userTest,1234,C032B,SST50022-2B-01,01E,Visionet,visionet@test.com,112233,0812122899
userTest,1234,C401B,SST56008-1B-02,02C,Visionet,visionet@test.com,112233,0812122900
userTest,1234,B332B,SST37022-2B-01,01K,Visionet,visionet@test.com,112233,0812122901
userTest,1234,B311B,SST36023-1B-15,15J,Visionet,visionet@test.com,112233,0812122902
userTest,1234,C302B,SST53022-2B-01,01A,Visionet,visionet@test.com,112233,0812122903
userTest,1234,B301B,SST36022-1B-21,21F,Visionet,visionet@test.com,112233,0812122904
userTest,1234,C401B,SST56008-1B-50,50J,Visionet,visionet@test.com,112233,0812122905
userTest,1234,D031B,SST60009-1B-23,23L,Visionet,visionet@test.com,112233,0812122906
userTest,1234,B361B,SST38020-1B-07,07B,Visionet,visionet@test.com,112233,0812122907
userTest,1234,D012B,SST60007-2B-12,12L,Visionet,visionet@test.com,112233,0812122908
userTest,1234,C402B,SST56008-2B-05,05B,Visionet,visionet@test.com,112233,0812122909
userTest,1234,B382B,SST38022-2B-18,18C,Visionet,visionet@test.com,112233,0812122910
userTest,1234,C612A,SST59008-2A-12,12H,Visionet,visionet@test.com,112233,0812122911
userTest,1234,B341B,SST37023-1B-27,27J,Visionet,visionet@test.com,112233,0812122912
userTest,1234,D012B,SST60007-2B-21,21H,Visionet,visionet@test.com,112233,0812122913
userTest,1234,C392B,SST56007-2B-23,23B,Visionet,visionet@test.com,112233,0812122914
userTest,1234,B311B,SST36023-1B-02,02G,Visionet,visionet@test.com,112233,0812122915
userTest,1234,C602B,SST59007-2B-03,03A,Visionet,visionet@test.com,112233,0812122916
userTest,1234,B342A,SST37023-2A-02,02G,Visionet,visionet@test.com,112233,0812122917
userTest,1234,B421B,SST39022-1B-18,18C,Visionet,visionet@test.com,112233,0812122918
userTest,1234,C601A,SST59007-1A-15,15F,Visionet,visionet@test.com,112233,0812122919
userTest,1234,D012B,SST60007-2B-02,02A,Visionet,visionet@test.com,112233,0812122920
userTest,1234,B332B,SST37022-2B-27,27G,Visionet,visionet@test.com,112233,0812122921
userTest,1234,B421B,SST39022-1B-26,26E,Visionet,visionet@test.com,112233,0812122922
userTest,1234,B421B,SST39022-1B-01,01I,Visionet,visionet@test.com,112233,0812122923
userTest,1234,C041B,SST50023-1B-18,18E,Visionet,visionet@test.com,112233,0812122924
userTest,1234,C092B,SST51022-2B-23,23D,Visionet,visionet@test.com,112233,0812122925
userTest,1234,B412B,SST39021-2B-39,39F,Visionet,visionet@test.com,112233,0812122926
userTest,1234,C321B,SST55008-1B-06,06L,Visionet,visionet@test.com,112233,0812122927
userTest,1234,C181B,SST52022-1B-23,23E,Visionet,visionet@test.com,112233,0812122928
userTest,1234,B332B,SST37022-2B-52,52H,Visionet,visionet@test.com,112233,0812122929
userTest,1234,C082B,SST51021-2B-21,21L,Visionet,visionet@test.com,112233,0812122930
userTest,1234,C092B,SST51022-2B-06,06E,Visionet,visionet@test.com,112233,0812122931
userTest,1234,B302B,SST36022-2B-12,12D,Visionet,visionet@test.com,112233,0812122932
userTest,1234,B332B,SST37022-2B-38,38I,Visionet,visionet@test.com,112233,0812122933
userTest,1234,C032B,SST50022-2B-28,28B,Visionet,visionet@test.com,112233,0812122934
userTest,1234,C612A,SST59008-2A-15,15H,Visionet,visionet@test.com,112233,0812122935
userTest,1234,C081B,SST51021-1B-31,31A,Visionet,visionet@test.com,112233,0812122936
userTest,1234,D031B,SST60009-1B-07,07I,Visionet,visionet@test.com,112233,0812122937
userTest,1234,B412B,SST39021-2B-15,15G,Visionet,visionet@test.com,112233,0812122938
userTest,1234,B301B,SST36022-1B-09,09K,Visionet,visionet@test.com,112233,0812122939
userTest,1234,C402B,SST56008-2B-53,53G,Visionet,visionet@test.com,112233,0812122940
userTest,1234,B421B,SST39022-1B-06,06E,Visionet,visionet@test.com,112233,0812122941
userTest,1234,C612A,SST59008-2A-09,09G,Visionet,visionet@test.com,112233,0812122942
userTest,1234,C612A,SST59008-2A-08,08E,Visionet,visionet@test.com,112233,0812122943
userTest,1234,C392B,SST56007-2B-11,11K,Visionet,visionet@test.com,112233,0812122944
userTest,1234,B301B,SST36022-1B-33,33B,Visionet,visionet@test.com,112233,0812122945
userTest,1234,C622B,SST59009-2B-16,16G,Visionet,visionet@test.com,112233,0812122946
userTest,1234,C321B,SST55008-1B-26,26C,Visionet,visionet@test.com,112233,0812122947
userTest,1234,B391B,SST38023-1B-02,02B,Visionet,visionet@test.com,112233,0812122948
userTest,1234,C022B,SST50021-2B-36,36C,Visionet,visionet@test.com,112233,0812122949
userTest,1234,B422B,SST39022-2B-18,18D,Visionet,visionet@test.com,112233,0812122950
userTest,1234,B332B,SST37022-2B-35,35C,Visionet,visionet@test.com,112233,0812122951
userTest,1234,C291B,SST53021-1B-51,51F,Visionet,visionet@test.com,112233,0812122952
userTest,1234,B221B,SST33022-1B-33,33F,Visionet,visionet@test.com,112233,0812122953
userTest,1234,B282B,SST35022-2B-35,35A,Visionet,visionet@test.com,112233,0812122954
userTest,1234,B311B,SST36023-1B-10,10L,Visionet,visionet@test.com,112233,0812122955
userTest,1234,D021B,SST60008-1B-23,23F,Visionet,visionet@test.com,112233,0812122956
userTest,1234,C411A,SST56009-1A-30,30A,Visionet,visionet@test.com,112233,0812122957
userTest,1234,B221B,SST33022-1B-21,21J,Visionet,visionet@test.com,112233,0812122958
userTest,1234,B412B,SST39021-2B-27,27L,Visionet,visionet@test.com,112233,0812122959
userTest,1234,B422B,SST39022-2B-09,09C,Visionet,visionet@test.com,112233,0812122960
userTest,1234,B412B,SST39021-2B-06,06E,Visionet,visionet@test.com,112233,0812122961
userTest,1234,B312A,SST36023-2A-26,26C,Visionet,visionet@test.com,112233,0812122962
userTest,1234,D012B,SST60007-2B-36,36F,Visionet,visionet@test.com,112233,0812122963
userTest,1234,C402B,SST56008-2B-01,01D,Visionet,visionet@test.com,112233,0812122964
userTest,1234,B301B,SST36022-1B-19,19J,Visionet,visionet@test.com,112233,0812122965
userTest,1234,B302B,SST36022-2B-29,29D,Visionet,visionet@test.com,112233,0812122966
userTest,1234,B222B,SST33022-2B-17,17I,Visionet,visionet@test.com,112233,0812122967
userTest,1234,C621B,SST59009-1B-01,01D,Visionet,visionet@test.com,112233,0812122968
userTest,1234,B282B,SST35022-2B-55,55H,Visionet,visionet@test.com,112233,0812122969
userTest,1234,C411A,SST56009-1A-03,03B,Visionet,visionet@test.com,112233,0812122970
userTest,1234,C402B,SST56008-2B-31,31K,Visionet,visionet@test.com,112233,0812122971
userTest,1234,B362B,SST38020-2B-50,50H,Visionet,visionet@test.com,112233,0812122972
userTest,1234,D012B,SST60007-2B-37,37J,Visionet,visionet@test.com,112233,0812122973
userTest,1234,B221B,SST33022-1B-25,25H,Visionet,visionet@test.com,112233,0812122974
userTest,1234,C171B,SST52021-1B-27,27G,Visionet,visionet@test.com,112233,0812122975
userTest,1234,B282B,SST35022-2B-27,27C,Visionet,visionet@test.com,112233,0812122976
userTest,1234,C181B,SST52022-1B-07,07D,Visionet,visionet@test.com,112233,0812122977
userTest,1234,C082B,SST51021-2B-06,06E,Visionet,visionet@test.com,112233,0812122978
userTest,1234,B361B,SST38020-1B-29,29F,Visionet,visionet@test.com,112233,0812122979
userTest,1234,C412B,SST56009-2B-19,19E,Visionet,visionet@test.com,112233,0812122980
userTest,1234,B331B,SST37022-1B-36,36I,Visionet,visionet@test.com,112233,0812122981
userTest,1234,D032B,SST60009-2B-02,02F,Visionet,visionet@test.com,112233,0812122982
userTest,1234,B222B,SST33022-2B-36,36L,Visionet,visionet@test.com,112233,0812122983
userTest,1234,C622B,SST59009-2B-27,27B,Visionet,visionet@test.com,112233,0812122984
userTest,1234,D022B,SST60008-2B-05,05I,Visionet,visionet@test.com,112233,0812122985
userTest,1234,C622B,SST59009-2B-53,53C,Visionet,visionet@test.com,112233,0812122986
userTest,1234,B281B,SST35022-1B-18,18F,Visionet,visionet@test.com,112233,0812122987
userTest,1234,D011B,SST60007-1B-19,19C,Visionet,visionet@test.com,112233,0812122988
userTest,1234,C621B,SST59009-1B-08,08G,Visionet,visionet@test.com,112233,0812122989
userTest,1234,C322B,SST55008-2B-33,33C,Visionet,visionet@test.com,112233,0812122990
userTest,1234,D022B,SST60008-2B-36,36F,Visionet,visionet@test.com,112233,0812122991
userTest,1234,C172B,SST52021-2B-39,39C,Visionet,visionet@test.com,112233,0812122992
userTest,1234,D011B,SST60007-1B-10,10H,Visionet,visionet@test.com,112233,0812122993
userTest,1234,C292B,SST53021-2B-55,55H,Visionet,visionet@test.com,112233,0812122994
userTest,1234,D032B,SST60009-2B-32,32J,Visionet,visionet@test.com,112233,0812122995
userTest,1234,D022B,SST60008-2B-32,32K,Visionet,visionet@test.com,112233,0812122996
userTest,1234,C041B,SST50023-1B-20,20D,Visionet,visionet@test.com,112233,0812122997
userTest,1234,B361B,SST38020-1B-22,22J,Visionet,visionet@test.com,112233,0812122998
userTest,1234,C401B,SST56008-1B-51,51L,Visionet,visionet@test.com,112233,0812122999
userTest,1234,C301B,SST53022-1B-02,02B,Visionet,visionet@test.com,112233,0812123000
userTest,1234,C622B,SST59009-2B-11,11L,Visionet,visionet@test.com,112233,0812123001
userTest,1234,B361B,SST38020-1B-29,29E,Visionet,visionet@test.com,112233,0812123002
userTest,1234,D032B,SST60009-2B-31,31A,Visionet,visionet@test.com,112233,0812123003
userTest,1234,C602B,SST59007-2B-30,30H,Visionet,visionet@test.com,112233,0812123004
userTest,1234,C322B,SST55008-2B-36,36G,Visionet,visionet@test.com,112233,0812123005
userTest,1234,C621B,SST59009-1B-02,02B,Visionet,visionet@test.com,112233,0812123006
userTest,1234,B281B,SST35022-1B-01,01B,Visionet,visionet@test.com,112233,0812123007
userTest,1234,C182B,SST52022-2B-01,01K,Visionet,visionet@test.com,112233,0812123008
userTest,1234,C401B,SST56008-1B-33,33L,Visionet,visionet@test.com,112233,0812123009
userTest,1234,C322B,SST55008-2B-53,53B,Visionet,visionet@test.com,112233,0812123010
userTest,1234,B311B,SST36023-1B-36,36H,Visionet,visionet@test.com,112233,0812123011